[{
  "_id": {
    "$oid": "64b79fc6896f214f7aae7ddc"
  },
  "balance": 208969000,
  "paymentHistory": [
    {
      "itemId": {
        "$oid": "64ce2452caac596802b0c1d0"
      },
      "amount": 1000000,
      "senderAccount": {
        "$oid": "64cf614513bf16655f96b611"
      },
      "_id": {
        "$oid": "64d0c1328a4723e50d8f1fb8"
      },
      "paymentDate": {
        "$date": "2023-08-07T10:02:26.505Z"
      }
    },
    {
      "itemId": {
        "$oid": "64ce2452caac596802b0c1d0"
      },
      "amount": 1000000,
      "senderAccount": {
        "$oid": "64cf614513bf16655f96b611"
      },
      "_id": {
        "$oid": "64d21ebccac9303a890d9d0d"
      },
      "paymentDate": {
        "$date": "2023-08-08T10:53:48.094Z"
      }
    },
    {
      "itemId": {
        "$oid": "64ce2452caac596802b0c1d0"
      },
      "amount": 1000000,
      "senderAccount": {
        "$oid": "64d5e4ce124580ef550f4274"
      },
      "_id": {
        "$oid": "64d618bfc6746f9de80d198c"
      },
      "paymentDate": {
        "$date": "2023-08-11T11:17:19.609Z"
      }
    },
    {
      "itemId": {
        "$oid": "64ce2452caac596802b0c1d0"
      },
      "amount": 10000000,
      "senderAccount": {
        "$oid": "64d5e4ce124580ef550f4274"
      },
      "_id": {
        "$oid": "64d632d7c6746f9de80d199a"
      },
      "paymentDate": {
        "$date": "2023-08-11T13:08:39.253Z"
      }
    },
    {
      "itemId": {
        "$oid": "64de64a63c7796f6df2d60e8"
      },
      "amount": 11790000,
      "senderAccount": {
        "$oid": "64de645a3c7796f6df2d60c6"
      },
      "_id": {
        "$oid": "64e60da5809eb553dcdb6c98"
      },
      "paymentDate": {
        "$date": "2023-08-23T13:46:13.904Z"
      }
    },
    {
      "itemId": {
        "$oid": "64e6b3a2c7be34ade507cdb7"
      },
      "amount": 799000,
      "senderAccount": {
        "$oid": "64d508f66ff46efeab8cc034"
      },
      "_id": {
        "$oid": "64e762bd7bf956594af24cb3"
      },
      "paymentDate": {
        "$date": "2023-08-24T14:01:33.519Z"
      }
    },
    {
      "itemId": {
        "$oid": "64e7958fc7059c0456e47ba9"
      },
      "amount": 9990000,
      "senderAccount": {
        "$oid": "64e79567c7059c0456e47b6e"
      },
      "_id": {
        "$oid": "64e795c58460fc88fa7fb8de"
      },
      "paymentDate": {
        "$date": "2023-08-24T17:39:17.837Z"
      }
    },
    {
      "itemId": {
        "$oid": "64e7958fc7059c0456e47ba9"
      },
      "amount": 9990000,
      "senderAccount": {
        "$oid": "64e79567c7059c0456e47b6e"
      },
      "_id": {
        "$oid": "64e795e68460fc88fa7fb8ec"
      },
      "paymentDate": {
        "$date": "2023-08-24T17:39:50.289Z"
      }
    },
    {
      "itemId": {
        "$oid": "64e7958fc7059c0456e47ba9"
      },
      "amount": 9990000,
      "senderAccount": {
        "$oid": "64e79567c7059c0456e47b6e"
      },
      "_id": {
        "$oid": "64e7962e8460fc88fa7fb8fc"
      },
      "paymentDate": {
        "$date": "2023-08-24T17:41:02.019Z"
      }
    },
    {
      "itemId": {
        "$oid": "64e79996954bc3a497d07963"
      },
      "amount": 6990000,
      "senderAccount": {
        "$oid": "64e79567c7059c0456e47b6e"
      },
      "_id": {
        "$oid": "64e799e975b5f777398ca29a"
      },
      "paymentDate": {
        "$date": "2023-08-24T17:56:57.298Z"
      }
    },
    {
      "itemId": {
        "$oid": "64e79a5cbf93a5c04fcff3e0"
      },
      "amount": 299000,
      "senderAccount": {
        "$oid": "64e79567c7059c0456e47b6e"
      },
      "_id": {
        "$oid": "64e79ab475b5f777398ca2ae"
      },
      "paymentDate": {
        "$date": "2023-08-24T18:00:20.799Z"
      }
    },
    {
      "itemId": {
        "$oid": "64e79a5cbf93a5c04fcff3e0"
      },
      "amount": 299000,
      "senderAccount": {
        "$oid": "64e79567c7059c0456e47b6e"
      },
      "_id": {
        "$oid": "64e79b1275b5f777398ca2c4"
      },
      "paymentDate": {
        "$date": "2023-08-24T18:01:54.909Z"
      }
    },
    {
      "itemId": {
        "$oid": "64e79a5cbf93a5c04fcff3e0"
      },
      "amount": 299000,
      "recipientAccount": {
        "$oid": "64e79567c7059c0456e47b6e"
      },
      "_id": {
        "$oid": "64e80f4bf0a717d7da93e087"
      },
      "paymentDate": {
        "$date": "2023-08-25T02:17:47.909Z"
      }
    },
    {
      "itemId": {
        "$oid": "64e7958fc7059c0456e47ba9"
      },
      "amount": 9990000,
      "recipientAccount": {
        "$oid": "64e79567c7059c0456e47b6e"
      },
      "_id": {
        "$oid": "64e811f6f0a717d7da93e0a1"
      },
      "paymentDate": {
        "$date": "2023-08-25T02:29:10.962Z"
      }
    },
    {
      "itemId": {
        "$oid": "64e79996954bc3a497d07963"
      },
      "amount": 9087000,
      "recipientAccount": {
        "$oid": "64e79567c7059c0456e47b6e"
      },
      "_id": {
        "$oid": "64e81331f0a717d7da93e0bd"
      },
      "paymentDate": {
        "$date": "2023-08-25T02:34:25.251Z"
      }
    },
    {
      "itemId": {
        "$oid": "64e81369b958dbeacd0b695c"
      },
      "amount": 8990000,
      "senderAccount": {
        "$oid": "64e79567c7059c0456e47b6e"
      },
      "_id": {
        "$oid": "64e8198df0a717d7da93e0dc"
      },
      "paymentDate": {
        "$date": "2023-08-25T03:01:33.095Z"
      }
    },
    {
      "itemId": {
        "$oid": "64e81369b958dbeacd0b695c"
      },
      "amount": 8990000,
      "recipientAccount": {
        "$oid": "64e79567c7059c0456e47b6e"
      },
      "_id": {
        "$oid": "64e81ddbf0a717d7da93e0fb"
      },
      "paymentDate": {
        "$date": "2023-08-25T03:19:55.544Z"
      }
    },
    {
      "itemId": {
        "$oid": "64df1ce0a76f214fbcc1ace1"
      },
      "amount": 6990000,
      "senderAccount": {
        "$oid": "64d508afccd02d68cbfab78e"
      },
      "_id": {
        "$oid": "64e8380a7bf956594af24cda"
      },
      "paymentDate": {
        "$date": "2023-08-25T05:11:38.899Z"
      }
    },
    {
      "itemId": {
        "$oid": "64e839987ae9067b06693633"
      },
      "amount": 3390000,
      "senderAccount": {
        "$oid": "64d508afccd02d68cbfab78e"
      },
      "_id": {
        "$oid": "64e83a177bf956594af24cf3"
      },
      "paymentDate": {
        "$date": "2023-08-25T05:20:23.549Z"
      }
    },
    {
      "itemId": {
        "$oid": "64e83bc93c8a40e29d797440"
      },
      "amount": 3390000,
      "senderAccount": {
        "$oid": "64d508afccd02d68cbfab78e"
      },
      "_id": {
        "$oid": "64e83bea7bf956594af24d0e"
      },
      "paymentDate": {
        "$date": "2023-08-25T05:28:10.491Z"
      }
    },
    {
      "itemId": {
        "$oid": "64e846c99606daede681bef2"
      },
      "amount": 7990000,
      "senderAccount": {
        "$oid": "64e8463a9606daede681beb9"
      },
      "_id": {
        "$oid": "64e847727bf956594af24d29"
      },
      "paymentDate": {
        "$date": "2023-08-25T06:17:22.876Z"
      }
    },
    {
      "itemId": {
        "$oid": "64e843e31fa1c17d661ca744"
      },
      "amount": 5690000,
      "senderAccount": {
        "$oid": "64e843cb1fa1c17d661ca711"
      },
      "_id": {
        "$oid": "64e84849cf25a70b1ce7499c"
      },
      "paymentDate": {
        "$date": "2023-08-25T06:20:57.123Z"
      }
    },
    {
      "itemId": {
        "$oid": "64e843e31fa1c17d661ca744"
      },
      "amount": 5690000,
      "recipientAccount": {
        "$oid": "64e843cb1fa1c17d661ca711"
      },
      "_id": {
        "$oid": "64e84893cf25a70b1ce749b8"
      },
      "paymentDate": {
        "$date": "2023-08-25T06:22:11.268Z"
      }
    },
    {
      "itemId": {
        "$oid": "64e848b3f9963dbd5cfecd7b"
      },
      "amount": 5290000,
      "senderAccount": {
        "$oid": "64e843cb1fa1c17d661ca711"
      },
      "_id": {
        "$oid": "64e848f6cf25a70b1ce749d8"
      },
      "paymentDate": {
        "$date": "2023-08-25T06:23:50.372Z"
      }
    },
    {
      "itemId": {
        "$oid": "64e848b3f9963dbd5cfecd7b"
      },
      "amount": 5290000,
      "recipientAccount": {
        "$oid": "64e843cb1fa1c17d661ca711"
      },
      "_id": {
        "$oid": "64e84937cf25a70b1ce749f8"
      },
      "paymentDate": {
        "$date": "2023-08-25T06:24:55.166Z"
      }
    },
    {
      "itemId": {
        "$oid": "64e8494bf9963dbd5cfece27"
      },
      "amount": 7990000,
      "senderAccount": {
        "$oid": "64e843cb1fa1c17d661ca711"
      },
      "_id": {
        "$oid": "64e84973cf25a70b1ce74a1c"
      },
      "paymentDate": {
        "$date": "2023-08-25T06:25:55.372Z"
      }
    },
    {
      "itemId": {
        "$oid": "64e849e6ef9e9fe88a904bde"
      },
      "amount": 6990000,
      "senderAccount": {
        "$oid": "64e843cb1fa1c17d661ca711"
      },
      "_id": {
        "$oid": "64e84a25cf25a70b1ce74a41"
      },
      "paymentDate": {
        "$date": "2023-08-25T06:28:53.588Z"
      }
    },
    {
      "itemId": {
        "$oid": "64e87a593456b434ff9c8115"
      },
      "amount": 9990000,
      "senderAccount": {
        "$oid": "64e843cb1fa1c17d661ca711"
      },
      "_id": {
        "$oid": "64e87a8165e72b0cef5ae742"
      },
      "paymentDate": {
        "$date": "2023-08-25T09:55:13.783Z"
      }
    },
    {
      "itemId": {
        "$oid": "64e87a593456b434ff9c8115"
      },
      "amount": 9990000,
      "recipientAccount": {
        "$oid": "64e843cb1fa1c17d661ca711"
      },
      "_id": {
        "$oid": "64e87a9d65e72b0cef5ae76a"
      },
      "paymentDate": {
        "$date": "2023-08-25T09:55:41.532Z"
      }
    },
    {
      "itemId": {
        "$oid": "64e849e6ef9e9fe88a904bde"
      },
      "amount": 6990000,
      "recipientAccount": {
        "$oid": "64e843cb1fa1c17d661ca711"
      },
      "_id": {
        "$oid": "64e87aa665e72b0cef5ae795"
      },
      "paymentDate": {
        "$date": "2023-08-25T09:55:50.372Z"
      }
    },
    {
      "itemId": {
        "$oid": "64e8494bf9963dbd5cfece27"
      },
      "amount": 7990000,
      "recipientAccount": {
        "$oid": "64e843cb1fa1c17d661ca711"
      },
      "_id": {
        "$oid": "64e87aba65e72b0cef5ae7c2"
      },
      "paymentDate": {
        "$date": "2023-08-25T09:56:10.377Z"
      }
    },
    {
      "itemId": {
        "$oid": "64e881de7fbd48cd27c2d1f6"
      },
      "amount": 8990000,
      "senderAccount": {
        "$oid": "64e843cb1fa1c17d661ca711"
      },
      "_id": {
        "$oid": "64e8821065e72b0cef5ae7f2"
      },
      "paymentDate": {
        "$date": "2023-08-25T10:27:28.500Z"
      }
    },
    {
      "itemId": {
        "$oid": "64e881de7fbd48cd27c2d1f6"
      },
      "amount": 8990000,
      "recipientAccount": {
        "$oid": "64e843cb1fa1c17d661ca711"
      },
      "_id": {
        "$oid": "64e8824665e72b0cef5ae822"
      },
      "paymentDate": {
        "$date": "2023-08-25T10:28:22.001Z"
      }
    },
    {
      "itemId": {
        "$oid": "64ec96f6d7b79306ffcc66ac"
      },
      "amount": 5690000,
      "senderAccount": {
        "$oid": "64de645a3c7796f6df2d60c6"
      },
      "_id": {
        "$oid": "64ec9d4aeb5c4bf73e5eb1c0"
      },
      "paymentDate": {
        "$date": "2023-08-28T13:12:42.450Z"
      }
    },
    {
      "itemId": {
        "$oid": "64e8115b6a6acb3c08db4f1b"
      },
      "amount": 7999000,
      "senderAccount": {
        "$oid": "64e79567c7059c0456e47b6e"
      },
      "_id": {
        "$oid": "64eca4d4d0dd737e1eff8779"
      },
      "paymentDate": {
        "$date": "2023-08-28T13:44:52.267Z"
      }
    },
    {
      "itemId": {
        "$oid": "64ecb2f8820c74b7bf5b2349"
      },
      "amount": 7490000,
      "senderAccount": {
        "$oid": "64ecb2ca820c74b7bf5b21e3"
      },
      "_id": {
        "$oid": "64ecb39dff9113e9c0134935"
      },
      "paymentDate": {
        "$date": "2023-08-28T14:47:57.413Z"
      }
    },
    {
      "itemId": {
        "$oid": "64e811d76a6acb3c08db4f63"
      },
      "amount": 3990000,
      "senderAccount": {
        "$oid": "64e79567c7059c0456e47b6e"
      },
      "_id": {
        "$oid": "64ecd414bb45bb220c5ad8a9"
      },
      "paymentDate": {
        "$date": "2023-08-28T17:06:28.381Z"
      }
    },
    {
      "itemId": {
        "$oid": "64ecdc480fdb01ad4f8bda00"
      },
      "amount": 1190000,
      "senderAccount": {
        "$oid": "64e79567c7059c0456e47b6e"
      },
      "_id": {
        "$oid": "64ecdd85bb45bb220c5ad8e8"
      },
      "paymentDate": {
        "$date": "2023-08-28T17:46:45.696Z"
      }
    },
    {
      "itemId": {
        "$oid": "64ecdddc3a60d819a3a28715"
      },
      "amount": 299000,
      "senderAccount": {
        "$oid": "64e79567c7059c0456e47b6e"
      },
      "_id": {
        "$oid": "64ecdeaabb45bb220c5ad925"
      },
      "paymentDate": {
        "$date": "2023-08-28T17:51:38.794Z"
      }
    },
    {
      "itemId": {
        "$oid": "64ecd717d9781b2d7f73f736"
      },
      "amount": 4390000,
      "senderAccount": {
        "$oid": "64e79567c7059c0456e47b6e"
      },
      "_id": {
        "$oid": "64eceb28bb45bb220c5ad966"
      },
      "paymentDate": {
        "$date": "2023-08-28T18:44:56.710Z"
      }
    },
    {
      "itemId": {
        "$oid": "64ed448eeaf1cf3028b53820"
      },
      "amount": 12390000,
      "senderAccount": {
        "$oid": "64de645a3c7796f6df2d60c6"
      },
      "_id": {
        "$oid": "64ed457513ef0aae9b628de5"
      },
      "paymentDate": {
        "$date": "2023-08-29T01:10:13.311Z"
      }
    }
  ],
  "__v": 42
},
{
  "_id": {
    "$oid": "64cf614513bf16655f96b611"
  },
  "balance": 100000000,
  "paymentHistory": [],
  "__v": 0
},
{
  "_id": {
    "$oid": "64d5e4ce124580ef550f4274"
  },
  "balance": 89000000,
  "paymentHistory": [
    {
      "itemId": {
        "$oid": "64ce2452caac596802b0c1d0"
      },
      "amount": 1000000,
      "recipientAccount": {
        "$oid": "64b79fc6896f214f7aae7ddc"
      },
      "_id": {
        "$oid": "64d618bfc6746f9de80d198b"
      },
      "paymentDate": {
        "$date": "2023-08-11T11:17:19.607Z"
      }
    },
    {
      "itemId": {
        "$oid": "64ce2452caac596802b0c1d0"
      },
      "amount": 10000000,
      "recipientAccount": {
        "$oid": "64b79fc6896f214f7aae7ddc"
      },
      "_id": {
        "$oid": "64d632d7c6746f9de80d1999"
      },
      "paymentDate": {
        "$date": "2023-08-11T13:08:39.252Z"
      }
    }
  ],
  "__v": 2
},
{
  "_id": {
    "$oid": "64d508afccd02d68cbfab78e"
  },
  "balance": 86230000,
  "paymentHistory": [
    {
      "itemId": {
        "$oid": "64df1ce0a76f214fbcc1ace1"
      },
      "amount": 6990000,
      "recipientAccount": {
        "$oid": "64b79fc6896f214f7aae7ddc"
      },
      "_id": {
        "$oid": "64e8380a7bf956594af24cd9"
      },
      "paymentDate": {
        "$date": "2023-08-25T05:11:38.895Z"
      }
    },
    {
      "itemId": {
        "$oid": "64e839987ae9067b06693633"
      },
      "amount": 3390000,
      "recipientAccount": {
        "$oid": "64b79fc6896f214f7aae7ddc"
      },
      "_id": {
        "$oid": "64e83a177bf956594af24cf2"
      },
      "paymentDate": {
        "$date": "2023-08-25T05:20:23.548Z"
      }
    },
    {
      "itemId": {
        "$oid": "64e83bc93c8a40e29d797440"
      },
      "amount": 3390000,
      "recipientAccount": {
        "$oid": "64b79fc6896f214f7aae7ddc"
      },
      "_id": {
        "$oid": "64e83bea7bf956594af24d0d"
      },
      "paymentDate": {
        "$date": "2023-08-25T05:28:10.489Z"
      }
    }
  ],
  "__v": 3
},
{
  "_id": {
    "$oid": "64d67e06906e2a58db3ab595"
  },
  "balance": 100000000,
  "paymentHistory": [],
  "__v": 0
},
{
  "_id": {
    "$oid": "64d67e69906e2a58db3ab5a0"
  },
  "balance": 100000000,
  "paymentHistory": [],
  "__v": 0
},
{
  "_id": {
    "$oid": "64d6821e1deed9e0a978c082"
  },
  "balance": 100000000,
  "paymentHistory": [],
  "__v": 0
},
{
  "_id": {
    "$oid": "64d6cd93edc269a692b1c0d1"
  },
  "balance": 100000000,
  "paymentHistory": [],
  "__v": 0
},
{
  "_id": {
    "$oid": "64d97d138fd0236f07f2e8d0"
  },
  "balance": 100000000,
  "paymentHistory": [],
  "__v": 0
},
{
  "_id": {
    "$oid": "64db20b8652a20535e31c290"
  },
  "balance": 100000000,
  "paymentHistory": [],
  "__v": 0
},
{
  "_id": {
    "$oid": "64de645a3c7796f6df2d60c6"
  },
  "balance": 70130000,
  "paymentHistory": [
    {
      "itemId": {
        "$oid": "64de64a63c7796f6df2d60e8"
      },
      "amount": 11790000,
      "recipientAccount": {
        "$oid": "64b79fc6896f214f7aae7ddc"
      },
      "_id": {
        "$oid": "64e60da5809eb553dcdb6c97"
      },
      "paymentDate": {
        "$date": "2023-08-23T13:46:13.900Z"
      }
    },
    {
      "itemId": {
        "$oid": "64ec96f6d7b79306ffcc66ac"
      },
      "amount": 5690000,
      "recipientAccount": {
        "$oid": "64b79fc6896f214f7aae7ddc"
      },
      "_id": {
        "$oid": "64ec9d4aeb5c4bf73e5eb1bf"
      },
      "paymentDate": {
        "$date": "2023-08-28T13:12:42.447Z"
      }
    },
    {
      "itemId": {
        "$oid": "64ed448eeaf1cf3028b53820"
      },
      "amount": 12390000,
      "recipientAccount": {
        "$oid": "64b79fc6896f214f7aae7ddc"
      },
      "_id": {
        "$oid": "64ed457513ef0aae9b628de4"
      },
      "paymentDate": {
        "$date": "2023-08-29T01:10:13.308Z"
      }
    }
  ],
  "__v": 3
},
{
  "_id": {
    "$oid": "64d508f66ff46efeab8cc034"
  },
  "balance": 99201000,
  "paymentHistory": [
    {
      "itemId": {
        "$oid": "64e6b3a2c7be34ade507cdb7"
      },
      "amount": 799000,
      "recipientAccount": {
        "$oid": "64b79fc6896f214f7aae7ddc"
      },
      "_id": {
        "$oid": "64e762bd7bf956594af24cb2"
      },
      "paymentDate": {
        "$date": "2023-08-24T14:01:33.515Z"
      }
    }
  ],
  "__v": 1
},
{
  "_id": {
    "$oid": "64e79567c7059c0456e47b6e"
  },
  "balance": 63950000,
  "paymentHistory": [
    {
      "itemId": {
        "$oid": "64e7958fc7059c0456e47ba9"
      },
      "amount": 9990000,
      "recipientAccount": {
        "$oid": "64b79fc6896f214f7aae7ddc"
      },
      "_id": {
        "$oid": "64e795c58460fc88fa7fb8dd"
      },
      "paymentDate": {
        "$date": "2023-08-24T17:39:17.837Z"
      }
    },
    {
      "itemId": {
        "$oid": "64e7958fc7059c0456e47ba9"
      },
      "amount": 9990000,
      "recipientAccount": {
        "$oid": "64b79fc6896f214f7aae7ddc"
      },
      "_id": {
        "$oid": "64e795e68460fc88fa7fb8eb"
      },
      "paymentDate": {
        "$date": "2023-08-24T17:39:50.288Z"
      }
    },
    {
      "itemId": {
        "$oid": "64e7958fc7059c0456e47ba9"
      },
      "amount": 9990000,
      "recipientAccount": {
        "$oid": "64b79fc6896f214f7aae7ddc"
      },
      "_id": {
        "$oid": "64e7962e8460fc88fa7fb8fb"
      },
      "paymentDate": {
        "$date": "2023-08-24T17:41:02.017Z"
      }
    },
    {
      "itemId": {
        "$oid": "64e79996954bc3a497d07963"
      },
      "amount": 6990000,
      "recipientAccount": {
        "$oid": "64b79fc6896f214f7aae7ddc"
      },
      "_id": {
        "$oid": "64e799e975b5f777398ca299"
      },
      "paymentDate": {
        "$date": "2023-08-24T17:56:57.294Z"
      }
    },
    {
      "itemId": {
        "$oid": "64e79a5cbf93a5c04fcff3e0"
      },
      "amount": 299000,
      "recipientAccount": {
        "$oid": "64b79fc6896f214f7aae7ddc"
      },
      "_id": {
        "$oid": "64e79ab475b5f777398ca2ad"
      },
      "paymentDate": {
        "$date": "2023-08-24T18:00:20.797Z"
      }
    },
    {
      "itemId": {
        "$oid": "64e79a5cbf93a5c04fcff3e0"
      },
      "amount": 299000,
      "recipientAccount": {
        "$oid": "64b79fc6896f214f7aae7ddc"
      },
      "_id": {
        "$oid": "64e79b1275b5f777398ca2c3"
      },
      "paymentDate": {
        "$date": "2023-08-24T18:01:54.908Z"
      }
    },
    {
      "itemId": {
        "$oid": "64e79a5cbf93a5c04fcff3e0"
      },
      "amount": 299000,
      "senderAccount": {
        "$oid": "64b79fc6896f214f7aae7ddc"
      },
      "_id": {
        "$oid": "64e80f4bf0a717d7da93e088"
      },
      "paymentDate": {
        "$date": "2023-08-25T02:17:47.915Z"
      }
    },
    {
      "itemId": {
        "$oid": "64e7958fc7059c0456e47ba9"
      },
      "amount": 9990000,
      "senderAccount": {
        "$oid": "64b79fc6896f214f7aae7ddc"
      },
      "_id": {
        "$oid": "64e811f6f0a717d7da93e0a2"
      },
      "paymentDate": {
        "$date": "2023-08-25T02:29:10.963Z"
      }
    },
    {
      "itemId": {
        "$oid": "64e79996954bc3a497d07963"
      },
      "amount": 9087000,
      "senderAccount": {
        "$oid": "64b79fc6896f214f7aae7ddc"
      },
      "_id": {
        "$oid": "64e81331f0a717d7da93e0be"
      },
      "paymentDate": {
        "$date": "2023-08-25T02:34:25.252Z"
      }
    },
    {
      "itemId": {
        "$oid": "64e81369b958dbeacd0b695c"
      },
      "amount": 8990000,
      "recipientAccount": {
        "$oid": "64b79fc6896f214f7aae7ddc"
      },
      "_id": {
        "$oid": "64e8198df0a717d7da93e0db"
      },
      "paymentDate": {
        "$date": "2023-08-25T03:01:33.094Z"
      }
    },
    {
      "itemId": {
        "$oid": "64e81369b958dbeacd0b695c"
      },
      "amount": 8990000,
      "senderAccount": {
        "$oid": "64b79fc6896f214f7aae7ddc"
      },
      "_id": {
        "$oid": "64e81ddbf0a717d7da93e0fc"
      },
      "paymentDate": {
        "$date": "2023-08-25T03:19:55.545Z"
      }
    },
    {
      "itemId": {
        "$oid": "64e8115b6a6acb3c08db4f1b"
      },
      "amount": 7999000,
      "recipientAccount": {
        "$oid": "64b79fc6896f214f7aae7ddc"
      },
      "_id": {
        "$oid": "64eca4d4d0dd737e1eff8778"
      },
      "paymentDate": {
        "$date": "2023-08-28T13:44:52.262Z"
      }
    },
    {
      "itemId": {
        "$oid": "64e811d76a6acb3c08db4f63"
      },
      "amount": 3990000,
      "recipientAccount": {
        "$oid": "64b79fc6896f214f7aae7ddc"
      },
      "_id": {
        "$oid": "64ecd414bb45bb220c5ad8a8"
      },
      "paymentDate": {
        "$date": "2023-08-28T17:06:28.377Z"
      }
    },
    {
      "itemId": {
        "$oid": "64ecdc480fdb01ad4f8bda00"
      },
      "amount": 1190000,
      "recipientAccount": {
        "$oid": "64b79fc6896f214f7aae7ddc"
      },
      "_id": {
        "$oid": "64ecdd85bb45bb220c5ad8e7"
      },
      "paymentDate": {
        "$date": "2023-08-28T17:46:45.692Z"
      }
    },
    {
      "itemId": {
        "$oid": "64ecdddc3a60d819a3a28715"
      },
      "amount": 299000,
      "recipientAccount": {
        "$oid": "64b79fc6896f214f7aae7ddc"
      },
      "_id": {
        "$oid": "64ecdeaabb45bb220c5ad924"
      },
      "paymentDate": {
        "$date": "2023-08-28T17:51:38.792Z"
      }
    },
    {
      "itemId": {
        "$oid": "64ecd717d9781b2d7f73f736"
      },
      "amount": 4390000,
      "recipientAccount": {
        "$oid": "64b79fc6896f214f7aae7ddc"
      },
      "_id": {
        "$oid": "64eceb28bb45bb220c5ad965"
      },
      "paymentDate": {
        "$date": "2023-08-28T18:44:56.709Z"
      }
    }
  ],
  "__v": 16
},
{
  "_id": {
    "$oid": "64e843cb1fa1c17d661ca711"
  },
  "balance": 100000000,
  "paymentHistory": [
    {
      "itemId": {
        "$oid": "64e843e31fa1c17d661ca744"
      },
      "amount": 5690000,
      "recipientAccount": {
        "$oid": "64b79fc6896f214f7aae7ddc"
      },
      "_id": {
        "$oid": "64e84849cf25a70b1ce7499b"
      },
      "paymentDate": {
        "$date": "2023-08-25T06:20:57.121Z"
      }
    },
    {
      "itemId": {
        "$oid": "64e843e31fa1c17d661ca744"
      },
      "amount": 5690000,
      "senderAccount": {
        "$oid": "64b79fc6896f214f7aae7ddc"
      },
      "_id": {
        "$oid": "64e84893cf25a70b1ce749b9"
      },
      "paymentDate": {
        "$date": "2023-08-25T06:22:11.268Z"
      }
    },
    {
      "itemId": {
        "$oid": "64e848b3f9963dbd5cfecd7b"
      },
      "amount": 5290000,
      "recipientAccount": {
        "$oid": "64b79fc6896f214f7aae7ddc"
      },
      "_id": {
        "$oid": "64e848f6cf25a70b1ce749d7"
      },
      "paymentDate": {
        "$date": "2023-08-25T06:23:50.371Z"
      }
    },
    {
      "itemId": {
        "$oid": "64e848b3f9963dbd5cfecd7b"
      },
      "amount": 5290000,
      "senderAccount": {
        "$oid": "64b79fc6896f214f7aae7ddc"
      },
      "_id": {
        "$oid": "64e84937cf25a70b1ce749f9"
      },
      "paymentDate": {
        "$date": "2023-08-25T06:24:55.166Z"
      }
    },
    {
      "itemId": {
        "$oid": "64e8494bf9963dbd5cfece27"
      },
      "amount": 7990000,
      "recipientAccount": {
        "$oid": "64b79fc6896f214f7aae7ddc"
      },
      "_id": {
        "$oid": "64e84973cf25a70b1ce74a1b"
      },
      "paymentDate": {
        "$date": "2023-08-25T06:25:55.371Z"
      }
    },
    {
      "itemId": {
        "$oid": "64e849e6ef9e9fe88a904bde"
      },
      "amount": 6990000,
      "recipientAccount": {
        "$oid": "64b79fc6896f214f7aae7ddc"
      },
      "_id": {
        "$oid": "64e84a25cf25a70b1ce74a40"
      },
      "paymentDate": {
        "$date": "2023-08-25T06:28:53.587Z"
      }
    },
    {
      "itemId": {
        "$oid": "64e87a593456b434ff9c8115"
      },
      "amount": 9990000,
      "recipientAccount": {
        "$oid": "64b79fc6896f214f7aae7ddc"
      },
      "_id": {
        "$oid": "64e87a8165e72b0cef5ae741"
      },
      "paymentDate": {
        "$date": "2023-08-25T09:55:13.782Z"
      }
    },
    {
      "itemId": {
        "$oid": "64e87a593456b434ff9c8115"
      },
      "amount": 9990000,
      "senderAccount": {
        "$oid": "64b79fc6896f214f7aae7ddc"
      },
      "_id": {
        "$oid": "64e87a9d65e72b0cef5ae76b"
      },
      "paymentDate": {
        "$date": "2023-08-25T09:55:41.532Z"
      }
    },
    {
      "itemId": {
        "$oid": "64e849e6ef9e9fe88a904bde"
      },
      "amount": 6990000,
      "senderAccount": {
        "$oid": "64b79fc6896f214f7aae7ddc"
      },
      "_id": {
        "$oid": "64e87aa665e72b0cef5ae796"
      },
      "paymentDate": {
        "$date": "2023-08-25T09:55:50.372Z"
      }
    },
    {
      "itemId": {
        "$oid": "64e8494bf9963dbd5cfece27"
      },
      "amount": 7990000,
      "senderAccount": {
        "$oid": "64b79fc6896f214f7aae7ddc"
      },
      "_id": {
        "$oid": "64e87aba65e72b0cef5ae7c3"
      },
      "paymentDate": {
        "$date": "2023-08-25T09:56:10.378Z"
      }
    },
    {
      "itemId": {
        "$oid": "64e881de7fbd48cd27c2d1f6"
      },
      "amount": 8990000,
      "recipientAccount": {
        "$oid": "64b79fc6896f214f7aae7ddc"
      },
      "_id": {
        "$oid": "64e8821065e72b0cef5ae7f1"
      },
      "paymentDate": {
        "$date": "2023-08-25T10:27:28.499Z"
      }
    },
    {
      "itemId": {
        "$oid": "64e881de7fbd48cd27c2d1f6"
      },
      "amount": 8990000,
      "senderAccount": {
        "$oid": "64b79fc6896f214f7aae7ddc"
      },
      "_id": {
        "$oid": "64e8824665e72b0cef5ae823"
      },
      "paymentDate": {
        "$date": "2023-08-25T10:28:22.001Z"
      }
    }
  ],
  "__v": 12
},
{
  "_id": {
    "$oid": "64e8463a9606daede681beb9"
  },
  "balance": 92010000,
  "paymentHistory": [
    {
      "itemId": {
        "$oid": "64e846c99606daede681bef2"
      },
      "amount": 7990000,
      "recipientAccount": {
        "$oid": "64b79fc6896f214f7aae7ddc"
      },
      "_id": {
        "$oid": "64e847727bf956594af24d28"
      },
      "paymentDate": {
        "$date": "2023-08-25T06:17:22.875Z"
      }
    }
  ],
  "__v": 1
},
{
  "_id": {
    "$oid": "64e8dc40fd9433c8080c9391"
  },
  "balance": 100000000,
  "paymentHistory": [],
  "__v": 0
},
{
  "_id": {
    "$oid": "64eb06e84a55e352d33c660a"
  },
  "balance": 100000000,
  "paymentHistory": [],
  "__v": 0
},
{
  "_id": {
    "$oid": "64ec3a7f1e6c776dec83cac2"
  },
  "balance": 100000000,
  "paymentHistory": [],
  "__v": 0
},
{
  "_id": {
    "$oid": "64da20c7219dfdeddb394eb8"
  },
  "balance": 100000000,
  "paymentHistory": [],
  "__v": 0
},
{
  "_id": {
    "$oid": "64ecb2ca820c74b7bf5b21e3"
  },
  "balance": 92510000,
  "paymentHistory": [
    {
      "itemId": {
        "$oid": "64ecb2f8820c74b7bf5b2349"
      },
      "amount": 7490000,
      "recipientAccount": {
        "$oid": "64b79fc6896f214f7aae7ddc"
      },
      "_id": {
        "$oid": "64ecb39dff9113e9c0134934"
      },
      "paymentDate": {
        "$date": "2023-08-28T14:47:57.407Z"
      }
    }
  ],
  "__v": 1
}]