[{
  "_id": {
    "$oid": "64d70a171fd7329d694575e7"
  },
  "tourCode": "NDSGN1031-103-010723VU-D",
  "tickets": [],
  "totalPrice": 7999000,
  "status": "Pending",
  "isPaid": false,
  "orderDate": {
    "$date": "2023-08-12T04:27:03.082Z"
  },
  "__v": 0
},
{
  "_id": {
    "$oid": "64d712e57c8f672a8c8ee0df"
  },
  "tourCode": "NDSGN306-010-270623VN-D-7",
  "tickets": [],
  "totalPrice": 7290000,
  "status": "Pending",
  "isPaid": false,
  "orderDate": {
    "$date": "2023-08-12T05:04:37.383Z"
  },
  "__v": 0
},
{
  "_id": {
    "$oid": "64d712f67c8f672a8c8ee0f8"
  },
  "tourCode": "NDSGN1061-102-290623VU-V",
  "tickets": [],
  "totalPrice": 7990000,
  "status": "Pending",
  "isPaid": false,
  "orderDate": {
    "$date": "2023-08-12T05:04:54.766Z"
  },
  "__v": 0
},
{
  "_id": {
    "$oid": "64d713267c8f672a8c8ee10b"
  },
  "tourCode": "NDSGN303-100-250623VN-V",
  "tickets": [],
  "totalPrice": 5290000,
  "status": "Pending",
  "isPaid": false,
  "orderDate": {
    "$date": "2023-08-12T05:05:42.881Z"
  },
  "__v": 0
},
{
  "_id": {
    "$oid": "64d746c97b12964b1b443e2c"
  },
  "tourCode": "NDSGN1871-108-250623VU-V-1",
  "tickets": [],
  "totalPrice": 11190000,
  "status": "Pending",
  "isPaid": false,
  "orderDate": {
    "$date": "2023-08-12T08:46:01.519Z"
  },
  "__v": 0
},
{
  "_id": {
    "$oid": "64d746d27b12964b1b443e3c"
  },
  "tourCode": "NDSGN1871-108-250623VU-V-1",
  "tickets": [],
  "totalPrice": 11190000,
  "status": "Pending",
  "isPaid": false,
  "orderDate": {
    "$date": "2023-08-12T08:46:10.186Z"
  },
  "__v": 0
},
{
  "_id": {
    "$oid": "64d746dd7b12964b1b443e4c"
  },
  "tourCode": "NDSGN1871-108-250623VU-V-1",
  "tickets": [],
  "totalPrice": 11190000,
  "status": "Pending",
  "isPaid": false,
  "orderDate": {
    "$date": "2023-08-12T08:46:21.374Z"
  },
  "__v": 0
},
{
  "_id": {
    "$oid": "64d746df7b12964b1b443e5c"
  },
  "tourCode": "NDSGN1871-108-250623VU-V-1",
  "tickets": [],
  "totalPrice": 11190000,
  "status": "Pending",
  "isPaid": false,
  "orderDate": {
    "$date": "2023-08-12T08:46:23.433Z"
  },
  "__v": 0
},
{
  "_id": {
    "$oid": "64d746ec7b12964b1b443e6c"
  },
  "tourCode": "NDSGN1871-108-250623VU-V-1",
  "tickets": [],
  "totalPrice": 11190000,
  "status": "Pending",
  "isPaid": false,
  "orderDate": {
    "$date": "2023-08-12T08:46:36.932Z"
  },
  "__v": 0
},
{
  "_id": {
    "$oid": "64d746fa7b12964b1b443e7c"
  },
  "tourCode": "NDSGN1871-108-250623VU-V-1",
  "tickets": [],
  "totalPrice": 11190000,
  "status": "Pending",
  "isPaid": false,
  "orderDate": {
    "$date": "2023-08-12T08:46:50.760Z"
  },
  "__v": 0
},
{
  "_id": {
    "$oid": "64d747027b12964b1b443e8c"
  },
  "tourCode": "NDSGN1871-108-250623VU-V-1",
  "tickets": [],
  "totalPrice": 11190000,
  "status": "Pending",
  "isPaid": false,
  "orderDate": {
    "$date": "2023-08-12T08:46:58.745Z"
  },
  "__v": 0
},
{
  "_id": {
    "$oid": "64d747097b12964b1b443e9c"
  },
  "tourCode": "NDSGN1871-108-250623VU-V-1",
  "tickets": [],
  "totalPrice": 11190000,
  "status": "Pending",
  "isPaid": false,
  "orderDate": {
    "$date": "2023-08-12T08:47:05.300Z"
  },
  "__v": 0
},
{
  "_id": {
    "$oid": "64d747167b12964b1b443eac"
  },
  "tourCode": "NDSGN1871-108-250623VU-V-1",
  "tickets": [],
  "totalPrice": 11190000,
  "status": "Pending",
  "isPaid": false,
  "orderDate": {
    "$date": "2023-08-12T08:47:18.714Z"
  },
  "__v": 0
},
{
  "_id": {
    "$oid": "64d7471b7b12964b1b443ebc"
  },
  "tourCode": "NDSGN1871-108-250623VU-V-1",
  "tickets": [],
  "totalPrice": 11190000,
  "status": "Pending",
  "isPaid": false,
  "orderDate": {
    "$date": "2023-08-12T08:47:23.496Z"
  },
  "__v": 0
},
{
  "_id": {
    "$oid": "64d7637e747aac290be8e2e7"
  },
  "tourCode": "NDSGN855-080-250623VU-V-7",
  "representer": {
    "name": "Nguyen Van A",
    "email": "nguyenvana@example.com",
    "phoneNumber": "123456789",
    "address": "123 Street, City"
  },
  "tickets": [
    {
      "type": "Adult",
      "fullName": "Nguyen Thi B",
      "gender": "Female",
      "dateOfBirth": "1990-05-15",
      "price": 100
    }
  ],
  "totalPrice": 100,
  "orderDate": "2023-08-10T10:00:00.000Z",
  "status": "Completed",
  "shippingAddress": "456 Street, City",
  "isPaid": true
},
{
  "_id": {
    "$oid": "64d76737747aac290be8e2e9"
  },
  "tourCode": "NDSGN306-010-270623VN-D-7",
  "representer": {
    "name": "Tran Thi D",
    "email": "tranthid@example.com",
    "phoneNumber": "987654321",
    "address": "789 Street, City"
  },
  "tickets": [
    {
      "type": "Adult",
      "fullName": "Le Van E",
      "gender": "Male",
      "dateOfBirth": "1985-03-25",
      "price": 120
    }
  ],
  "totalPrice": 120,
  "orderDate": "2023-08-12T15:30:00.000Z",
  "status": "Cancelled",
  "shippingAddress": "987 Street, City",
  "isPaid": true,
  "cancelDate": {
    "$date": "2023-08-23T03:24:04.656Z"
  }
},
{
  "_id": {
    "$oid": "64d76950747aac290be8e2ed"
  },
  "tourCode": "NDSGN3381-043-280623VU-V",
  "representer": {
    "name": "Pham Van F",
    "email": "phamvanf@example.com",
    "phoneNumber": "555555555",
    "address": "555 Street, City"
  },
  "tickets": [
    {
      "type": "Adult",
      "fullName": "Nguyen Van G",
      "gender": "Male",
      "dateOfBirth": "1995-10-10",
      "price": 80
    },
    {
      "type": "Child",
      "fullName": "Tran Thi H",
      "gender": "Female",
      "dateOfBirth": "2010-06-05",
      "price": 40
    }
  ],
  "totalPrice": 120,
  "orderDate": "2023-08-15T09:45:00.000Z",
  "status": "Completed",
  "shippingAddress": "777 Street, City",
  "isPaid": true,
  "cancelDate": {
    "$date": "2023-08-24T17:00:00.664Z"
  }
},
{
  "_id": {
    "$oid": "64d7ab4554ebd1cfd8ca789d"
  },
  "tourCode": "NDSGN1061-101-270623VU-V-7",
  "tickets": [],
  "totalPrice": 7990000,
  "status": "Pending",
  "isPaid": false,
  "orderDate": {
    "$date": "2023-08-12T15:54:45.195Z"
  },
  "__v": 0
},
{
  "_id": {
    "$oid": "64d7b4586825a1112cc7e611"
  },
  "tourCode": "NDSGN818-007-280623VU-F-7",
  "tickets": [],
  "totalPrice": 4590000,
  "status": "Cancelled",
  "isPaid": true,
  "orderDate": {
    "$date": "2023-08-12T16:33:28.934Z"
  },
  "__v": 0,
  "representer": {
    "name": "Ác ma",
    "email": "\"phamvanf@example.com\"",
    "phoneNumber": "0123456",
    "address": "Đường 19"
  }
},
{
  "_id": {
    "$oid": "64d7b4656825a1112cc7e621"
  },
  "tourCode": "NDHPH770-006-220623VJ-D",
  "tickets": [],
  "totalPrice": 8590000,
  "status": "Pending",
  "isPaid": false,
  "orderDate": {
    "$date": "2023-08-12T16:33:41.918Z"
  },
  "__v": 0
},
{
  "_id": {
    "$oid": "64d7b46c6825a1112cc7e631"
  },
  "tourCode": "NDSGN856-037-260623VU-V",
  "tickets": [],
  "totalPrice": 8390000,
  "status": "Pending",
  "isPaid": false,
  "orderDate": {
    "$date": "2023-08-12T16:33:48.837Z"
  },
  "__v": 0
},
{
  "_id": {
    "$oid": "64d7b4dec937c801de63f4db"
  },
  "tourCode": "NDCTH122-025-040723VN-V",
  "tickets": [],
  "totalPrice": 11990000,
  "status": "Pending",
  "isPaid": false,
  "orderDate": {
    "$date": "2023-08-12T16:35:42.371Z"
  },
  "__v": 0
},
{
  "_id": {
    "$oid": "64d7bccedc1a0f9703a0fd22"
  },
  "tourCode": "NDSGN801-042-270623VU-F-7",
  "tickets": [],
  "totalPrice": 6990000,
  "status": "Pending",
  "isPaid": false,
  "orderDate": {
    "$date": "2023-08-12T17:09:34.987Z"
  },
  "__v": 0
},
{
  "_id": {
    "$oid": "64d7bce9dc1a0f9703a0fd4b"
  },
  "tourCode": "NDSGN303-101-280623QH-F",
  "tickets": [],
  "totalPrice": 4990000,
  "status": "Pending",
  "isPaid": false,
  "orderDate": {
    "$date": "2023-08-12T17:10:01.765Z"
  },
  "__v": 0
},
{
  "_id": {
    "$oid": "64d7c2debf7160284180906a"
  },
  "tourCode": "NDSGN801-042-270623VU-F-7",
  "tickets": [],
  "totalPrice": 6990000,
  "status": "Pending",
  "isPaid": false,
  "orderDate": {
    "$date": "2023-08-12T17:35:26.090Z"
  },
  "__v": 0
},
{
  "_id": {
    "$oid": "64d7c301efd7dacf588e8d90"
  },
  "tourCode": "NDSGN801-042-270623VU-F-7",
  "tickets": [],
  "totalPrice": 6990000,
  "status": "Pending",
  "isPaid": false,
  "orderDate": {
    "$date": "2023-08-12T17:36:01.725Z"
  },
  "__v": 0
},
{
  "_id": {
    "$oid": "64d7c35015136d378ffb9a54"
  },
  "tourCode": "NDSGN801-042-270623VU-F-7",
  "tickets": [],
  "totalPrice": 6990000,
  "status": "Pending",
  "isPaid": false,
  "orderDate": {
    "$date": "2023-08-12T17:37:20.918Z"
  },
  "__v": 0
},
{
  "_id": {
    "$oid": "64d7c37415136d378ffb9a62"
  },
  "tourCode": "NDSGN801-042-270623VU-F-7",
  "tickets": [],
  "totalPrice": 6990000,
  "status": "Pending",
  "isPaid": false,
  "orderDate": {
    "$date": "2023-08-12T17:37:56.094Z"
  },
  "__v": 0
},
{
  "_id": {
    "$oid": "64d7c38215136d378ffb9a6a"
  },
  "tourCode": "NDSGN801-042-270623VU-F-7",
  "tickets": [],
  "totalPrice": 6990000,
  "status": "Pending",
  "isPaid": false,
  "orderDate": {
    "$date": "2023-08-12T17:38:10.507Z"
  },
  "__v": 0
},
{
  "_id": {
    "$oid": "64d7c3dd769585d536dc15cd"
  },
  "tourCode": "NDSGN801-042-270623VU-F-7",
  "tickets": [],
  "totalPrice": 6990000,
  "status": "Pending",
  "isPaid": false,
  "orderDate": {
    "$date": "2023-08-12T17:39:41.800Z"
  },
  "__v": 0
},
{
  "_id": {
    "$oid": "64d7c3fe769585d536dc15d5"
  },
  "tourCode": "NDSGN801-042-270623VU-F-7",
  "tickets": [],
  "totalPrice": 6990000,
  "status": "Pending",
  "isPaid": false,
  "orderDate": {
    "$date": "2023-08-12T17:40:14.755Z"
  },
  "__v": 0
},
{
  "_id": {
    "$oid": "64d7c466829ff1e9ee81dfcf"
  },
  "tourCode": "NDSGN801-042-270623VU-F-7",
  "tickets": [],
  "totalPrice": 6990000,
  "status": "Pending",
  "isPaid": false,
  "orderDate": {
    "$date": "2023-08-12T17:41:58.706Z"
  },
  "__v": 0
},
{
  "_id": {
    "$oid": "64d7c47d829ff1e9ee81dfd7"
  },
  "tourCode": "NDSGN801-042-270623VU-F-7",
  "tickets": [],
  "totalPrice": 6990000,
  "status": "Pending",
  "isPaid": false,
  "orderDate": {
    "$date": "2023-08-12T17:42:21.235Z"
  },
  "__v": 0
},
{
  "_id": {
    "$oid": "64d7c485829ff1e9ee81dfdf"
  },
  "tourCode": "NDSGN801-042-270623VU-F-7",
  "tickets": [],
  "totalPrice": 6990000,
  "status": "Pending",
  "isPaid": false,
  "orderDate": {
    "$date": "2023-08-12T17:42:29.270Z"
  },
  "__v": 0
},
{
  "_id": {
    "$oid": "64d7c493829ff1e9ee81dfe7"
  },
  "tourCode": "NDSGN801-042-270623VU-F-7",
  "tickets": [],
  "totalPrice": 6990000,
  "status": "Pending",
  "isPaid": false,
  "orderDate": {
    "$date": "2023-08-12T17:42:43.021Z"
  },
  "__v": 0
},
{
  "_id": {
    "$oid": "64d7c49a829ff1e9ee81dfef"
  },
  "tourCode": "NDSGN801-042-270623VU-F-7",
  "tickets": [],
  "totalPrice": 6990000,
  "status": "Pending",
  "isPaid": false,
  "orderDate": {
    "$date": "2023-08-12T17:42:50.810Z"
  },
  "__v": 0
},
{
  "_id": {
    "$oid": "64d7c4a3829ff1e9ee81dff7"
  },
  "tourCode": "NDSGN801-042-270623VU-F-7",
  "tickets": [],
  "totalPrice": 6990000,
  "status": "Pending",
  "isPaid": false,
  "orderDate": {
    "$date": "2023-08-12T17:42:59.293Z"
  },
  "__v": 0
},
{
  "_id": {
    "$oid": "64d7c4ab829ff1e9ee81dfff"
  },
  "tourCode": "NDSGN801-042-270623VU-F-7",
  "tickets": [],
  "totalPrice": 6990000,
  "status": "Pending",
  "isPaid": false,
  "orderDate": {
    "$date": "2023-08-12T17:43:07.389Z"
  },
  "__v": 0
},
{
  "_id": {
    "$oid": "64d7c4ce829ff1e9ee81e007"
  },
  "tourCode": "NDSGN801-042-270623VU-F-7",
  "tickets": [],
  "totalPrice": 6990000,
  "status": "Pending",
  "isPaid": false,
  "orderDate": {
    "$date": "2023-08-12T17:43:42.371Z"
  },
  "__v": 0
},
{
  "_id": {
    "$oid": "64d7c54f4d5ef5a880813a6c"
  },
  "tourCode": "NDSGN801-042-270623VU-F-7",
  "tickets": [],
  "totalPrice": 6990000,
  "status": "Pending",
  "isPaid": false,
  "orderDate": {
    "$date": "2023-08-12T17:45:51.521Z"
  },
  "__v": 0
},
{
  "_id": {
    "$oid": "64d7c5682073e549048089eb"
  },
  "tourCode": "NDSGN801-042-270623VU-F-7",
  "tickets": [],
  "totalPrice": 6990000,
  "status": "Pending",
  "isPaid": false,
  "orderDate": {
    "$date": "2023-08-12T17:46:16.372Z"
  },
  "__v": 0
},
{
  "_id": {
    "$oid": "64d7c5871142b93ab55e4e4a"
  },
  "tourCode": "NDSGN801-042-270623VU-F-7",
  "tickets": [],
  "totalPrice": 6990000,
  "status": "Pending",
  "isPaid": false,
  "orderDate": {
    "$date": "2023-08-12T17:46:47.270Z"
  },
  "__v": 0
},
{
  "_id": {
    "$oid": "64d7c58e1142b93ab55e4e52"
  },
  "tourCode": "NDSGN801-042-270623VU-F-7",
  "tickets": [],
  "totalPrice": 6990000,
  "status": "Pending",
  "isPaid": false,
  "orderDate": {
    "$date": "2023-08-12T17:46:54.893Z"
  },
  "__v": 0
},
{
  "_id": {
    "$oid": "64d7c60587c26a9cb5f6bfac"
  },
  "tourCode": "NDSGN801-042-270623VU-F-7",
  "tickets": [],
  "totalPrice": 6990000,
  "status": "Pending",
  "isPaid": false,
  "orderDate": {
    "$date": "2023-08-12T17:48:53.751Z"
  },
  "__v": 0
},
{
  "_id": {
    "$oid": "64d7c60e87c26a9cb5f6bfb4"
  },
  "tourCode": "NDSGN801-042-270623VU-F-7",
  "tickets": [],
  "totalPrice": 6990000,
  "status": "Pending",
  "isPaid": false,
  "orderDate": {
    "$date": "2023-08-12T17:49:02.325Z"
  },
  "__v": 0
},
{
  "_id": {
    "$oid": "64d7c61287c26a9cb5f6bfc2"
  },
  "tourCode": "NDSGN801-042-270623VU-F-7",
  "tickets": [],
  "totalPrice": 6990000,
  "status": "Pending",
  "isPaid": false,
  "orderDate": {
    "$date": "2023-08-12T17:49:06.036Z"
  },
  "__v": 0
},
{
  "_id": {
    "$oid": "64d7c62887c26a9cb5f6bfd0"
  },
  "tourCode": "NDSGN801-042-270623VU-F-7",
  "tickets": [],
  "totalPrice": 6990000,
  "status": "Pending",
  "isPaid": false,
  "orderDate": {
    "$date": "2023-08-12T17:49:28.822Z"
  },
  "__v": 0
},
{
  "_id": {
    "$oid": "64d7c6b95e668f79287d84d4"
  },
  "tourCode": "NDSGN857-023-270623VU-D-7",
  "tickets": [],
  "totalPrice": 8990000,
  "status": "Pending",
  "isPaid": false,
  "orderDate": {
    "$date": "2023-08-12T17:51:53.788Z"
  },
  "__v": 0
},
{
  "_id": {
    "$oid": "64d7c6c85e668f79287d84dc"
  },
  "tourCode": "NDSGN857-023-270623VU-D-7",
  "tickets": [],
  "totalPrice": 8990000,
  "status": "Pending",
  "isPaid": false,
  "orderDate": {
    "$date": "2023-08-12T17:52:08.154Z"
  },
  "__v": 0
},
{
  "_id": {
    "$oid": "64d7c6f3e9c5984c1cde6389"
  },
  "tourCode": "NDSGN857-023-270623VU-D-7",
  "tickets": [],
  "totalPrice": 8990000,
  "status": "Pending",
  "isPaid": false,
  "orderDate": {
    "$date": "2023-08-12T17:52:51.061Z"
  },
  "__v": 0
},
{
  "_id": {
    "$oid": "64d7c729736e315322850185"
  },
  "tourCode": "NDSGN857-023-270623VU-D-7",
  "tickets": [],
  "totalPrice": 8990000,
  "status": "Pending",
  "isPaid": false,
  "orderDate": {
    "$date": "2023-08-12T17:53:45.950Z"
  },
  "__v": 0
},
{
  "_id": {
    "$oid": "64d7c74c736e315322850193"
  },
  "tourCode": "NDSGN857-023-270623VU-D-7",
  "tickets": [],
  "totalPrice": 8990000,
  "status": "Pending",
  "isPaid": false,
  "orderDate": {
    "$date": "2023-08-12T17:54:20.360Z"
  },
  "__v": 0
},
{
  "_id": {
    "$oid": "64d7c768736e3153228501a1"
  },
  "tourCode": "NDSGN857-023-270623VU-D-7",
  "tickets": [],
  "totalPrice": 8990000,
  "status": "Pending",
  "isPaid": false,
  "orderDate": {
    "$date": "2023-08-12T17:54:48.327Z"
  },
  "__v": 0
},
{
  "_id": {
    "$oid": "64d7c775736e3153228501af"
  },
  "tourCode": "NDSGN857-023-270623VU-D-7",
  "tickets": [],
  "totalPrice": 8990000,
  "status": "Pending",
  "isPaid": false,
  "orderDate": {
    "$date": "2023-08-12T17:55:01.305Z"
  },
  "__v": 0
},
{
  "_id": {
    "$oid": "64d7c78a736e3153228501b7"
  },
  "tourCode": "NDSGN857-023-270623VU-D-7",
  "tickets": [],
  "totalPrice": 8990000,
  "status": "Pending",
  "isPaid": false,
  "orderDate": {
    "$date": "2023-08-12T17:55:22.817Z"
  },
  "__v": 0
},
{
  "_id": {
    "$oid": "64d7c7db736e3153228501cb"
  },
  "tourCode": "NDSGN857-023-270623VU-D-7",
  "tickets": [],
  "totalPrice": 8990000,
  "status": "Pending",
  "isPaid": false,
  "orderDate": {
    "$date": "2023-08-12T17:56:43.912Z"
  },
  "__v": 0
},
{
  "_id": {
    "$oid": "64d7c841016937c9b7c3a7f9"
  },
  "tourCode": "NDSGN857-023-270623VU-D-7",
  "tickets": [],
  "totalPrice": 8990000,
  "status": "Pending",
  "isPaid": false,
  "orderDate": {
    "$date": "2023-08-12T17:58:25.799Z"
  },
  "__v": 0
},
{
  "_id": {
    "$oid": "64d7c85d54a7b03ed2e55bc3"
  },
  "tourCode": "NDSGN857-023-270623VU-D-7",
  "tickets": [],
  "totalPrice": 8990000,
  "status": "Pending",
  "isPaid": false,
  "orderDate": {
    "$date": "2023-08-12T17:58:53.830Z"
  },
  "__v": 0
},
{
  "_id": {
    "$oid": "64d7c86254a7b03ed2e55bd4"
  },
  "tourCode": "NDSGN857-023-270623VU-D-7",
  "tickets": [],
  "totalPrice": 8990000,
  "status": "Pending",
  "isPaid": false,
  "orderDate": {
    "$date": "2023-08-12T17:58:58.326Z"
  },
  "__v": 0
},
{
  "_id": {
    "$oid": "64d7c875198c70f74c31737c"
  },
  "tourCode": "NDSGN857-023-270623VU-D-7",
  "tickets": [],
  "totalPrice": 8990000,
  "status": "Pending",
  "isPaid": false,
  "orderDate": {
    "$date": "2023-08-12T17:59:17.231Z"
  },
  "__v": 0
},
{
  "_id": {
    "$oid": "64d7c88d4dbd6d319ffd5f6a"
  },
  "tourCode": "NDSGN857-023-270623VU-D-7",
  "tickets": [],
  "totalPrice": 8990000,
  "status": "Pending",
  "isPaid": false,
  "orderDate": {
    "$date": "2023-08-12T17:59:41.892Z"
  },
  "__v": 0
},
{
  "_id": {
    "$oid": "64d7c8924dbd6d319ffd5f76"
  },
  "tourCode": "NDSGN857-023-270623VU-D-7",
  "tickets": [],
  "totalPrice": 8990000,
  "status": "Pending",
  "isPaid": false,
  "orderDate": {
    "$date": "2023-08-12T17:59:46.831Z"
  },
  "__v": 0
},
{
  "_id": {
    "$oid": "64d7c89f4dbd6d319ffd5f7e"
  },
  "tourCode": "NDSGN857-023-270623VU-D-7",
  "tickets": [],
  "totalPrice": 8990000,
  "status": "Pending",
  "isPaid": false,
  "orderDate": {
    "$date": "2023-08-12T17:59:59.660Z"
  },
  "__v": 0
},
{
  "_id": {
    "$oid": "64d7c8b34dbd6d319ffd5f8c"
  },
  "tourCode": "NDSGN857-023-270623VU-D-7",
  "tickets": [],
  "totalPrice": 8990000,
  "status": "Pending",
  "isPaid": false,
  "orderDate": {
    "$date": "2023-08-12T18:00:19.929Z"
  },
  "__v": 0
},
{
  "_id": {
    "$oid": "64d88708aa98b92b7b42fcca"
  },
  "tourCode": "NDSGN302-041-250623VN-D",
  "tickets": [],
  "totalPrice": 5690000,
  "status": "Pending",
  "isPaid": false,
  "orderDate": {
    "$date": "2023-08-13T07:32:24.658Z"
  },
  "__v": 0
},
{
  "_id": {
    "$oid": "64d8873baa98b92b7b42fd58"
  },
  "tourCode": "NDSGN1061-102-290623VU-V",
  "tickets": [],
  "totalPrice": 7990000,
  "status": "Pending",
  "isPaid": false,
  "orderDate": {
    "$date": "2023-08-13T07:33:15.952Z"
  },
  "__v": 0
},
{
  "_id": {
    "$oid": "64d88c4a8b4d1191b650fc0b"
  },
  "tourCode": "NDSGN303-101-280623QH-F",
  "tickets": [],
  "totalPrice": 4990000,
  "status": "Pending",
  "isPaid": false,
  "orderDate": {
    "$date": "2023-08-13T07:54:50.999Z"
  },
  "__v": 0
},
{
  "_id": {
    "$oid": "64d9d0127beefca512e7dc87"
  },
  "tourCode": "NDSGN303-100-250623VN-F-1",
  "tickets": [],
  "totalPrice": 4790000,
  "status": "Pending",
  "isPaid": false,
  "orderDate": {
    "$date": "2023-08-14T06:56:18.498Z"
  },
  "__v": 0
},
{
  "_id": {
    "$oid": "64d9d0b85a72b7ab50857743"
  },
  "tourCode": "NDSGN303-100-250623VN-F-1",
  "tickets": [],
  "totalPrice": 4790000,
  "status": "Pending",
  "isPaid": false,
  "orderDate": {
    "$date": "2023-08-14T06:59:04.495Z"
  },
  "__v": 0
},
{
  "_id": {
    "$oid": "64da11c31ef5054241b68b70"
  },
  "tourCode": "NDSGN818-007-280623VU-F-7-1",
  "tickets": [],
  "totalPrice": 3990000,
  "status": "Pending",
  "isPaid": false,
  "orderDate": {
    "$date": "2023-08-14T11:36:35.949Z"
  },
  "__v": 0
},
{
  "_id": {
    "$oid": "64da61d22f4e18a42f5ad5b6"
  },
  "tourCode": "NDSGN307-033-260623VU-F",
  "tickets": [],
  "totalPrice": 4790000,
  "status": "Pending",
  "isPaid": false,
  "orderDate": {
    "$date": "2023-08-14T17:18:10.951Z"
  },
  "__v": 0
},
{
  "_id": {
    "$oid": "64daba784964fccd2b45bfd4"
  },
  "tourCode": "NDSGN801-042-270623VU-F-7",
  "tickets": [],
  "totalPrice": 6990000,
  "status": "Pending",
  "isPaid": false,
  "orderDate": {
    "$date": "2023-08-14T23:36:24.121Z"
  },
  "__v": 0
},
{
  "_id": {
    "$oid": "64daba814964fccd2b45bff2"
  },
  "tourCode": "NDSGN1871-108-250623VU-V-1",
  "tickets": [],
  "totalPrice": 11190000,
  "status": "Pending",
  "isPaid": false,
  "orderDate": {
    "$date": "2023-08-14T23:36:33.257Z"
  },
  "__v": 0
},
{
  "_id": {
    "$oid": "64daba8d4964fccd2b45c002"
  },
  "tourCode": "NDSGN307-033-260623VU-F",
  "tickets": [],
  "totalPrice": 4790000,
  "status": "Pending",
  "isPaid": false,
  "orderDate": {
    "$date": "2023-08-14T23:36:45.244Z"
  },
  "__v": 0
},
{
  "_id": {
    "$oid": "64dabaa94964fccd2b45c06d"
  },
  "tourCode": "NDSGN804-007-270623VU-F",
  "tickets": [],
  "totalPrice": 3390000,
  "status": "Pending",
  "isPaid": false,
  "orderDate": {
    "$date": "2023-08-14T23:37:13.377Z"
  },
  "__v": 0
},
{
  "_id": {
    "$oid": "64db9d4ea40565da2b69f942"
  },
  "tourCode": "NDSGN801-042-270623VU-F-7",
  "tickets": [],
  "totalPrice": 6990000,
  "status": "Pending",
  "isPaid": false,
  "orderDate": {
    "$date": "2023-08-15T15:44:14.997Z"
  },
  "__v": 0
},
{
  "_id": {
    "$oid": "64dbaa77a40565da2b69f9e5"
  },
  "tourCode": "NDSGN307-033-260623VU-F-1",
  "tickets": [],
  "totalPrice": 3390000,
  "status": "Pending",
  "isPaid": false,
  "orderDate": {
    "$date": "2023-08-15T16:40:23.975Z"
  },
  "__v": 0
},
{
  "_id": {
    "$oid": "64dbac7ca40565da2b69fa8f"
  },
  "tourCode": "NDSGN303-100-250623VN-V",
  "tickets": [],
  "totalPrice": 5290000,
  "status": "Pending",
  "isPaid": false,
  "orderDate": {
    "$date": "2023-08-15T16:49:00.092Z"
  },
  "__v": 0
},
{
  "_id": {
    "$oid": "64dbad74a40565da2b69faf4"
  },
  "tourCode": "NDSGN303-100-250623VN-V",
  "tickets": [],
  "totalPrice": 5290000,
  "status": "Pending",
  "isPaid": false,
  "orderDate": {
    "$date": "2023-08-15T16:53:08.868Z"
  },
  "__v": 0
},
{
  "_id": {
    "$oid": "64ddbc9ae8acb936dff1eba0"
  },
  "tourCode": "NDSGN303-100-250623VN-V",
  "tickets": [],
  "totalPrice": 5290000,
  "status": "Pending",
  "isPaid": false,
  "orderDate": {
    "$date": "2023-08-17T06:22:18.244Z"
  },
  "cancelDate": {
    "$date": "2023-08-17T06:22:18.244Z"
  },
  "__v": 0
},
{
  "_id": {
    "$oid": "64de2bbed73d4de5afabc971"
  },
  "tourCode": "NDPQC001-026-240623",
  "tickets": [],
  "totalPrice": 2700000,
  "status": "Pending",
  "isPaid": false,
  "orderDate": {
    "$date": "2023-08-17T14:16:30.666Z"
  },
  "cancelDate": {
    "$date": "2023-08-17T14:16:30.666Z"
  },
  "__v": 0
},
{
  "_id": {
    "$oid": "64de5eae1b7e4c5abb18575b"
  },
  "tourCode": "NDCTH122-025-040723VN-V",
  "tickets": [],
  "totalPrice": 11990000,
  "status": "Pending",
  "isPaid": false,
  "orderDate": {
    "$date": "2023-08-17T17:53:50.537Z"
  },
  "cancelDate": {
    "$date": "2023-08-17T17:53:50.537Z"
  },
  "__v": 0
},
{
  "_id": {
    "$oid": "64de64a63c7796f6df2d60e8"
  },
  "tourCode": "NDSGN1871-109-270623VU-V-7",
  "tickets": [
    {
      "type": "Adult",
      "fullName": "Cong Vu",
      "gender": "Male",
      "dateOfBirth": {
        "$date": "1990-01-01T00:00:00.000Z"
      },
      "price": 11790000,
      "_id": {
        "$oid": "64e60da676c704edca06b273"
      }
    }
  ],
  "totalPrice": 11790000,
  "status": "Completed",
  "isPaid": true,
  "orderDate": {
    "$date": "2023-08-23T13:46:14.649Z"
  },
  "cancelDate": {
    "$date": "2023-08-17T18:19:18.088Z"
  },
  "__v": 1,
  "representer": {
    "name": "Cong Vu",
    "email": "06vucong07@gmail.com",
    "phoneNumber": "0355555555",
    "address": "123 ABC Street"
  },
  "shippingAddress": "123 XYZ Street"
},
{
  "_id": {
    "$oid": "64df187282cf2344a47c3d93"
  },
  "tourCode": "NDDNG2640-007-290623VU",
  "tickets": [],
  "totalPrice": 6990000,
  "status": "Pending",
  "isPaid": false,
  "orderDate": {
    "$date": "2023-08-18T07:06:26.628Z"
  },
  "cancelDate": {
    "$date": "2023-08-18T07:06:26.628Z"
  },
  "__v": 0
},
{
  "_id": {
    "$oid": "64df1ce0a76f214fbcc1ace1"
  },
  "tourCode": "NDDNG2640-007-290623VU",
  "tickets": [
    {
      "type": "Adult",
      "fullName": "Nguyên",
      "gender": "Male",
      "dateOfBirth": {
        "$date": "2002-01-20T00:00:00.000Z"
      },
      "price": 6990000,
      "_id": {
        "$oid": "64e8380bea1c6ccc7dbb6cfd"
      }
    }
  ],
  "totalPrice": 6990000,
  "status": "Completed",
  "isPaid": true,
  "orderDate": {
    "$date": "2023-08-25T05:11:39.470Z"
  },
  "cancelDate": {
    "$date": "2023-08-18T07:25:20.924Z"
  },
  "__v": 1,
  "representer": {
    "name": "Nguyên",
    "email": "nguyentran2012002@gmail.com",
    "phoneNumber": "0901365725",
    "address": "270"
  },
  "shippingAddress": "270"
},
{
  "_id": {
    "$oid": "64df46ef90cc74f9d945699b"
  },
  "tourCode": "NDHPH770-006-220623VJ-D",
  "tickets": [],
  "totalPrice": 8590000,
  "status": "Pending",
  "isPaid": false,
  "orderDate": {
    "$date": "2023-08-18T10:24:47.987Z"
  },
  "cancelDate": {
    "$date": "2023-08-18T10:24:47.987Z"
  },
  "__v": 0
},
{
  "_id": {
    "$oid": "64df470f90cc74f9d94569c0"
  },
  "tourCode": "NDDNG2640-007-290623VU",
  "tickets": [],
  "totalPrice": 6990000,
  "status": "Pending",
  "isPaid": false,
  "orderDate": {
    "$date": "2023-08-18T10:25:19.677Z"
  },
  "cancelDate": {
    "$date": "2023-08-18T10:25:19.677Z"
  },
  "__v": 0
},
{
  "_id": {
    "$oid": "64df473390cc74f9d94569d9"
  },
  "tourCode": "NDDNG2640-007-290623VU",
  "tickets": [],
  "totalPrice": 6990000,
  "status": "Pending",
  "isPaid": false,
  "orderDate": {
    "$date": "2023-08-18T10:25:55.792Z"
  },
  "cancelDate": {
    "$date": "2023-08-18T10:25:55.792Z"
  },
  "__v": 0
},
{
  "_id": {
    "$oid": "64df476890cc74f9d9456a6a"
  },
  "tourCode": "NDSGN397-009-040723-V-7",
  "tickets": [],
  "totalPrice": 19790000,
  "status": "Pending",
  "isPaid": false,
  "orderDate": {
    "$date": "2023-08-18T10:26:48.394Z"
  },
  "cancelDate": {
    "$date": "2023-08-18T10:26:48.394Z"
  },
  "__v": 0
},
{
  "_id": {
    "$oid": "64df4975023f69480acc2281"
  },
  "tourCode": "NDSGN307-032-240623VU-F-7",
  "tickets": [],
  "totalPrice": 5490000,
  "status": "Pending",
  "isPaid": false,
  "orderDate": {
    "$date": "2023-08-18T10:35:33.999Z"
  },
  "cancelDate": {
    "$date": "2023-08-18T10:35:33.999Z"
  },
  "__v": 0
},
{
  "_id": {
    "$oid": "64dfa1e63934c1639a261993"
  },
  "tourCode": "NDSGN303-100-250623VN-F-1",
  "tickets": [],
  "totalPrice": 4790000,
  "status": "Pending",
  "isPaid": false,
  "orderDate": {
    "$date": "2023-08-18T16:52:54.644Z"
  },
  "cancelDate": {
    "$date": "2023-08-18T16:52:54.644Z"
  },
  "__v": 0
},
{
  "_id": {
    "$oid": "64e5e5bdcce748ac959828d4"
  },
  "tourCode": "NDDNG2640-007-290623VU",
  "tickets": [],
  "totalPrice": 6990000,
  "status": "Pending",
  "isPaid": false,
  "orderDate": {
    "$date": "2023-08-23T10:55:57.917Z"
  },
  "cancelDate": {
    "$date": "2023-08-23T10:55:57.917Z"
  },
  "__v": 0
},
{
  "_id": {
    "$oid": "64e746035ac38cac263f2d83"
  },
  "tourCode": "NDSGN868-034-020923XE-V-F",
  "tickets": [
    {
      "type": "Adult",
      "fullName": "Nguyên",
      "gender": "Male",
      "dateOfBirth": {
        "$date": "2002-01-20T00:00:00.000Z"
      },
      "price": 799000,
      "_id": {
        "$oid": "64e762be14948b848c8de2fe"
      }
    }
  ],
  "totalPrice": 799000,
  "status": "Completed",
  "isPaid": true,
  "orderDate": {
    "$date": "2023-08-24T14:01:34.144Z"
  },
  "cancelDate": {
    "$date": "2023-08-24T11:58:59.574Z"
  },
  "__v": 1,
  "representer": {
    "name": "Nguyên",
    "email": "nguyentran2012002@gmail.com",
    "phoneNumber": "0901365725",
    "address": "270"
  },
  "shippingAddress": "270"
},
{
  "_id": {
    "$oid": "64e757569a78367d34d9b0e0"
  },
  "tourCode": "NDPQC001-026-240623",
  "tickets": [],
  "totalPrice": 2700000,
  "status": "Pending",
  "isPaid": false,
  "orderDate": {
    "$date": "2023-08-24T13:12:54.437Z"
  },
  "cancelDate": {
    "$date": "2023-08-24T13:12:54.437Z"
  },
  "__v": 0
},
{
  "_id": {
    "$oid": "64e757629a78367d34d9b114"
  },
  "tourCode": "NDDLO132-004-230623QH",
  "tickets": [],
  "totalPrice": 6990000,
  "status": "Pending",
  "isPaid": false,
  "orderDate": {
    "$date": "2023-08-24T13:13:06.059Z"
  },
  "cancelDate": {
    "$date": "2023-08-24T13:13:06.059Z"
  },
  "__v": 0
},
{
  "_id": {
    "$oid": "64e76f60e212c9d40c452477"
  },
  "tourCode": "NDDLO1431-004-230623VN",
  "tickets": [],
  "totalPrice": 8590000,
  "status": "Pending",
  "isPaid": false,
  "orderDate": {
    "$date": "2023-08-24T14:55:28.943Z"
  },
  "cancelDate": {
    "$date": "2023-08-24T14:55:28.944Z"
  },
  "__v": 0
},
{
  "_id": {
    "$oid": "64e773826efa4f4254bc2c48"
  },
  "tourCode": "NDSGN3399-034-280623VN-D",
  "tickets": [],
  "totalPrice": 9990000,
  "status": "Pending",
  "isPaid": false,
  "orderDate": {
    "$date": "2023-08-24T15:13:06.918Z"
  },
  "cancelDate": {
    "$date": "2023-08-24T15:13:06.918Z"
  },
  "__v": 0
},
{
  "_id": {
    "$oid": "64e7825c1961cc44ceed1800"
  },
  "tourCode": "NDSGN397-008-270623-V-7",
  "tickets": [],
  "totalPrice": 19790000,
  "status": "Pending",
  "isPaid": false,
  "orderDate": {
    "$date": "2023-08-24T16:16:28.301Z"
  },
  "cancelDate": {
    "$date": "2023-08-24T16:16:28.301Z"
  },
  "__v": 0
},
{
  "_id": {
    "$oid": "64e782c2a1569d7c63b16c6d"
  },
  "tourCode": "NDSGN876-106-260623QTBN",
  "tickets": [],
  "totalPrice": 7990000,
  "status": "Pending",
  "isPaid": false,
  "orderDate": {
    "$date": "2023-08-24T16:18:10.545Z"
  },
  "cancelDate": {
    "$date": "2023-08-24T16:18:10.545Z"
  },
  "__v": 0
},
{
  "_id": {
    "$oid": "64e7958fc7059c0456e47ba9"
  },
  "tourCode": "NDSGN1331-016-290623QH-D-F-1",
  "tickets": [
    {
      "type": "Adult",
      "fullName": "UYEn Uyen",
      "gender": "Female",
      "dateOfBirth": {
        "$date": "1998-02-26T00:00:00.000Z"
      },
      "price": 9990000,
      "_id": {
        "$oid": "64e7962ef5f3caa6827986c4"
      }
    }
  ],
  "totalPrice": 9990000,
  "status": "Cancelled",
  "isPaid": true,
  "orderDate": {
    "$date": "2023-08-24T17:41:02.704Z"
  },
  "cancelDate": {
    "$date": "2023-08-25T02:29:11.557Z"
  },
  "__v": 1,
  "representer": {
    "name": "UYEn Uyen",
    "email": "oshimakiyoko2002@gmail.com",
    "phoneNumber": "0987777777",
    "address": "234 NVC"
  },
  "shippingAddress": "234 NVC"
},
{
  "_id": {
    "$oid": "64e79996954bc3a497d07963"
  },
  "tourCode": "NDDLO132-004-230623QH",
  "tickets": [
    {
      "type": "Adult",
      "fullName": "Nguyen Van An",
      "gender": "Male",
      "dateOfBirth": {
        "$date": "1991-01-30T00:00:00.000Z"
      },
      "price": 6990000,
      "_id": {
        "$oid": "64e799e9954bc3a497d07981"
      }
    },
    {
      "type": "Baby",
      "fullName": "Nguyen Van Anh",
      "gender": "Male",
      "dateOfBirth": {
        "$date": "2022-09-08T00:00:00.000Z"
      },
      "price": 2097000.0000000002,
      "_id": {
        "$oid": "64e799e9954bc3a497d07982"
      }
    }
  ],
  "totalPrice": 9087000,
  "status": "Cancelled",
  "isPaid": true,
  "orderDate": {
    "$date": "2023-08-24T17:56:57.952Z"
  },
  "cancelDate": {
    "$date": "2023-08-25T02:34:25.841Z"
  },
  "__v": 1,
  "representer": {
    "name": "Nguyen Van An",
    "email": "oshimakiyoko2002@gmail.com",
    "phoneNumber": "0123456789",
    "address": "123 NTP"
  },
  "shippingAddress": "123 NTP"
},
{
  "_id": {
    "$oid": "64e79a5cbf93a5c04fcff3e0"
  },
  "tourCode": "NDSGN8731-023-300823XE-V-F",
  "tickets": [
    {
      "type": "Adult",
      "fullName": "Aabc",
      "gender": "Female",
      "dateOfBirth": {
        "$date": "1991-03-02T00:00:00.000Z"
      },
      "price": 299000,
      "_id": {
        "$oid": "64e79b13bf93a5c04fcff405"
      }
    }
  ],
  "totalPrice": 299000,
  "status": "Cancelled",
  "isPaid": true,
  "orderDate": {
    "$date": "2023-08-24T18:01:55.476Z"
  },
  "cancelDate": {
    "$date": "2023-08-25T02:17:48.554Z"
  },
  "__v": 1,
  "representer": {
    "name": "Aabc",
    "email": "oshimakiyoko2002@gmail.com",
    "phoneNumber": "0567894321",
    "address": "567 ADV"
  },
  "shippingAddress": "567 ADV"
},
{
  "_id": {
    "$oid": "64e8115b6a6acb3c08db4f1b"
  },
  "tourCode": "NDSGN1031-103-010723VU-D",
  "tickets": [
    {
      "type": "Adult",
      "fullName": "Xuan Uyen Vu",
      "gender": "Female",
      "dateOfBirth": {
        "$date": "2023-08-18T00:00:00.000Z"
      },
      "price": 7999000,
      "_id": {
        "$oid": "64eca4d4408ea296c8ca18f6"
      }
    }
  ],
  "totalPrice": 7999000,
  "status": "Completed",
  "isPaid": true,
  "orderDate": {
    "$date": "2023-08-28T13:44:52.929Z"
  },
  "cancelDate": {
    "$date": "2023-08-25T02:26:35.378Z"
  },
  "__v": 1,
  "representer": {
    "name": "Xuan Uyen Vu",
    "email": "oshimakiyoko2002@gmail.com",
    "phoneNumber": "0213456789",
    "address": "234 LVS"
  },
  "shippingAddress": "234 LVS"
},
{
  "_id": {
    "$oid": "64e811d76a6acb3c08db4f63"
  },
  "tourCode": "NDSGN818-007-280623VU-F-7-1",
  "tickets": [
    {
      "type": "Adult",
      "fullName": "Nguyen Van Uy",
      "gender": "Male",
      "dateOfBirth": {
        "$date": "1983-06-08T00:00:00.000Z"
      },
      "price": 3990000,
      "_id": {
        "$oid": "64ecd41501b7456e2b37fdb9"
      }
    },
    {
      "type": "Kid",
      "fullName": "Nguyen Van Nam",
      "gender": "Male",
      "dateOfBirth": {
        "$date": "2020-06-17T00:00:00.000Z"
      },
      "price": 1995000,
      "_id": {
        "$oid": "64ecd41501b7456e2b37fdba"
      }
    }
  ],
  "totalPrice": 5985000,
  "status": "Success",
  "isPaid": true,
  "orderDate": {
    "$date": "2023-08-28T17:06:29.085Z"
  },
  "cancelDate": {
    "$date": "2023-08-25T02:28:39.589Z"
  },
  "__v": 1,
  "representer": {
    "name": "Nguyen Van Uy",
    "email": "oshimakiyoko2002@gmail.com",
    "phoneNumber": "0543678921",
    "address": "227 NVC"
  },
  "shippingAddress": "227 NVC"
},
{
  "_id": {
    "$oid": "64e8128893860fa948dd8206"
  },
  "tourCode": "NDSGN818-007-280623VU-F-7-1",
  "tickets": [],
  "totalPrice": 3990000,
  "status": "Pending",
  "isPaid": false,
  "orderDate": {
    "$date": "2023-08-25T02:31:36.737Z"
  },
  "cancelDate": {
    "$date": "2023-08-25T02:31:36.737Z"
  },
  "__v": 0
},
{
  "_id": {
    "$oid": "64e81369b958dbeacd0b695c"
  },
  "tourCode": "NDSGN857-023-270623VU-D-7",
  "tickets": [
    {
      "type": "Adult",
      "fullName": "Nguyen Van Anh",
      "gender": "Male",
      "dateOfBirth": {
        "$date": "1979-07-27T00:00:00.000Z"
      },
      "price": 8990000,
      "_id": {
        "$oid": "64e8198db82dbec3f0353d0a"
      }
    }
  ],
  "totalPrice": 8990000,
  "status": "Cancelled",
  "isPaid": true,
  "orderDate": {
    "$date": "2023-08-25T03:01:33.733Z"
  },
  "cancelDate": {
    "$date": "2023-08-25T03:19:56.152Z"
  },
  "__v": 1,
  "representer": {
    "name": "Nguyen Van Anh",
    "email": "oshimakiyoko2002@gmail.com",
    "phoneNumber": "0678543291",
    "address": "789 LVS"
  },
  "shippingAddress": "789 LVS"
},
{
  "_id": {
    "$oid": "64e814c3fce86aaf0883c185"
  },
  "tourCode": "NDSGN1871-109-270623VU-V",
  "tickets": [],
  "totalPrice": 11190000,
  "status": "Pending",
  "isPaid": false,
  "orderDate": {
    "$date": "2023-08-25T02:41:07.618Z"
  },
  "cancelDate": {
    "$date": "2023-08-25T02:41:07.618Z"
  },
  "__v": 0
},
{
  "_id": {
    "$oid": "64e81644fce86aaf0883c1f5"
  },
  "tourCode": "NDDLO132-004-230623QH",
  "tickets": [],
  "totalPrice": 6990000,
  "status": "Pending",
  "isPaid": false,
  "orderDate": {
    "$date": "2023-08-25T02:47:32.800Z"
  },
  "cancelDate": {
    "$date": "2023-08-25T02:47:32.800Z"
  },
  "__v": 0
},
{
  "_id": {
    "$oid": "64e81747fce86aaf0883c264"
  },
  "tourCode": "NDSGN1331-016-290623QH-D-F-1",
  "tickets": [],
  "totalPrice": 9990000,
  "status": "Pending",
  "isPaid": false,
  "orderDate": {
    "$date": "2023-08-25T02:51:51.290Z"
  },
  "cancelDate": {
    "$date": "2023-08-25T02:51:51.290Z"
  },
  "__v": 0
},
{
  "_id": {
    "$oid": "64e839987ae9067b06693633"
  },
  "tourCode": "NDSGN307-033-260623VU-F-1",
  "tickets": [
    {
      "type": "Adult",
      "fullName": "Nguyên",
      "gender": "Male",
      "dateOfBirth": {
        "$date": "2002-01-20T00:00:00.000Z"
      },
      "price": 3390000,
      "_id": {
        "$oid": "64e83a184cf2304e07e4b428"
      }
    }
  ],
  "totalPrice": 3390000,
  "status": "Completed",
  "isPaid": true,
  "orderDate": {
    "$date": "2023-08-25T05:20:24.092Z"
  },
  "cancelDate": {
    "$date": "2023-08-25T05:18:16.503Z"
  },
  "__v": 1,
  "representer": {
    "name": "Nguyên",
    "email": "nguyentran2012002@gmail.com",
    "phoneNumber": "0901365725",
    "address": "270"
  },
  "shippingAddress": "270"
},
{
  "_id": {
    "$oid": "64e83bc93c8a40e29d797440"
  },
  "tourCode": "NDSGN804-007-270623VU-F",
  "tickets": [
    {
      "type": "Adult",
      "fullName": "Ngân",
      "gender": "Male",
      "dateOfBirth": {
        "$date": "2002-01-20T00:00:00.000Z"
      },
      "price": 3390000,
      "_id": {
        "$oid": "64e83beb3c8a40e29d79745e"
      }
    }
  ],
  "totalPrice": 3390000,
  "status": "Completed",
  "isPaid": true,
  "orderDate": {
    "$date": "2023-08-25T05:28:11.022Z"
  },
  "cancelDate": {
    "$date": "2023-08-25T05:27:37.568Z"
  },
  "__v": 1,
  "representer": {
    "name": "Ngân",
    "email": "nguyentran2012002@gmail.com",
    "phoneNumber": "0901365725",
    "address": "270"
  },
  "shippingAddress": "270"
},
{
  "_id": {
    "$oid": "64e843e31fa1c17d661ca744"
  },
  "tourCode": "NDSGN855-080-250623VU-V-7",
  "tickets": [
    {
      "type": "Adult",
      "fullName": "Vũ",
      "gender": "Male",
      "dateOfBirth": {
        "$date": "2023-08-17T00:00:00.000Z"
      },
      "price": 5690000,
      "_id": {
        "$oid": "64e84849f9963dbd5cfecd23"
      }
    }
  ],
  "totalPrice": 5690000,
  "status": "Cancelled",
  "isPaid": true,
  "orderDate": {
    "$date": "2023-08-25T06:20:57.678Z"
  },
  "cancelDate": {
    "$date": "2023-08-25T06:22:11.791Z"
  },
  "__v": 1,
  "representer": {
    "name": "Vũ",
    "email": "vdpvu21@vp.fitus.edu.vn",
    "phoneNumber": "0918463215",
    "address": "số 6"
  },
  "shippingAddress": "số 6"
},
{
  "_id": {
    "$oid": "64e8455e9606daede681be9d"
  },
  "tourCode": "Tesstttttttttt",
  "tickets": [],
  "totalPrice": 7990000,
  "status": "Pending",
  "isPaid": false,
  "orderDate": {
    "$date": "2023-08-25T06:08:30.938Z"
  },
  "cancelDate": {
    "$date": "2023-08-25T06:08:30.938Z"
  },
  "__v": 0
},
{
  "_id": {
    "$oid": "64e846c99606daede681bef2"
  },
  "tourCode": "Tesstttttttttt",
  "tickets": [
    {
      "type": "Adult",
      "fullName": "Nguyên",
      "gender": "Male",
      "dateOfBirth": {
        "$date": "2002-01-20T00:00:00.000Z"
      },
      "price": 7990000,
      "_id": {
        "$oid": "64e847739606daede681bf0b"
      }
    }
  ],
  "totalPrice": 7990000,
  "status": "Completed",
  "isPaid": true,
  "orderDate": {
    "$date": "2023-08-25T06:17:23.406Z"
  },
  "cancelDate": {
    "$date": "2023-08-25T06:14:33.699Z"
  },
  "__v": 1,
  "representer": {
    "name": "Nguyên",
    "email": "nguyentran2012002@gmail.com",
    "phoneNumber": "0901365725",
    "address": "270"
  },
  "shippingAddress": "270"
},
{
  "_id": {
    "$oid": "64e848b3f9963dbd5cfecd7b"
  },
  "tourCode": "NDSGN303-100-250623VN-V",
  "tickets": [
    {
      "type": "Adult",
      "fullName": "Vũ",
      "gender": "Male",
      "dateOfBirth": {
        "$date": "2023-08-01T00:00:00.000Z"
      },
      "price": 5290000,
      "_id": {
        "$oid": "64e848f6f9963dbd5cfecd9a"
      }
    }
  ],
  "totalPrice": 5290000,
  "status": "Cancelled",
  "isPaid": true,
  "orderDate": {
    "$date": "2023-08-25T06:23:50.881Z"
  },
  "cancelDate": {
    "$date": "2023-08-25T06:24:55.682Z"
  },
  "__v": 1,
  "representer": {
    "name": "Vũ",
    "email": "phivu3215@gmail.com",
    "phoneNumber": "0918463125",
    "address": "số 6"
  },
  "shippingAddress": "số 6"
},
{
  "_id": {
    "$oid": "64e8494bf9963dbd5cfece27"
  },
  "tourCode": "NDSGN876-106-260623QTBN",
  "tickets": [
    {
      "type": "Adult",
      "fullName": "Vũ",
      "gender": "Male",
      "dateOfBirth": {
        "$date": "2023-08-18T00:00:00.000Z"
      },
      "price": 7990000,
      "_id": {
        "$oid": "64e84973f9963dbd5cfece3f"
      }
    }
  ],
  "totalPrice": 7990000,
  "status": "Cancelled",
  "isPaid": true,
  "orderDate": {
    "$date": "2023-08-25T06:25:55.906Z"
  },
  "cancelDate": {
    "$date": "2023-08-25T09:56:11.089Z"
  },
  "__v": 1,
  "representer": {
    "name": "Vũ",
    "email": "phivu3215@gmail.com",
    "phoneNumber": "0918463125",
    "address": "số 6"
  },
  "shippingAddress": "số 6"
},
{
  "_id": {
    "$oid": "64e849e6ef9e9fe88a904bde"
  },
  "tourCode": "NDDLO132-004-230623QH",
  "tickets": [
    {
      "type": "Adult",
      "fullName": "Vu",
      "gender": "Male",
      "dateOfBirth": {
        "$date": "2023-08-24T00:00:00.000Z"
      },
      "price": 6990000,
      "_id": {
        "$oid": "64e84a26419f0eb4dfbfc298"
      }
    }
  ],
  "totalPrice": 6990000,
  "status": "Cancelled",
  "isPaid": true,
  "orderDate": {
    "$date": "2023-08-25T06:28:54.126Z"
  },
  "cancelDate": {
    "$date": "2023-08-25T09:55:51.100Z"
  },
  "__v": 1,
  "representer": {
    "name": "Vu",
    "email": "phivu3215@gmail.com",
    "phoneNumber": "0918463125",
    "address": "Vu"
  },
  "shippingAddress": "Vu"
},
{
  "_id": {
    "$oid": "64e87a593456b434ff9c8115"
  },
  "tourCode": "NDSGN1331-016-290623QH-D-F-1",
  "tickets": [
    {
      "type": "Adult",
      "fullName": "Vũ",
      "gender": "Male",
      "dateOfBirth": {
        "$date": "2023-08-23T00:00:00.000Z"
      },
      "price": 9990000,
      "_id": {
        "$oid": "64e87a823456b434ff9c813d"
      }
    }
  ],
  "totalPrice": 9990000,
  "status": "Cancelled",
  "isPaid": true,
  "orderDate": {
    "$date": "2023-08-25T09:55:14.343Z"
  },
  "cancelDate": {
    "$date": "2023-08-25T09:55:42.045Z"
  },
  "__v": 1,
  "representer": {
    "name": "Vũ",
    "email": "phivu3215@gmail.com",
    "phoneNumber": "0918463125",
    "address": "Vũ"
  },
  "shippingAddress": "Vũ"
},
{
  "_id": {
    "$oid": "64e881da7fbd48cd27c2d1ec"
  },
  "tourCode": "NDSGN857-023-270623VU-D-7",
  "tickets": [],
  "totalPrice": 8990000,
  "status": "Pending",
  "isPaid": false,
  "orderDate": {
    "$date": "2023-08-25T10:26:34.978Z"
  },
  "cancelDate": {
    "$date": "2023-08-25T10:26:34.978Z"
  },
  "__v": 0
},
{
  "_id": {
    "$oid": "64e881de7fbd48cd27c2d1f6"
  },
  "tourCode": "NDSGN857-023-270623VU-D-7",
  "tickets": [
    {
      "type": "Adult",
      "fullName": "VŨ",
      "gender": "Female",
      "dateOfBirth": {
        "$date": "2023-08-01T00:00:00.000Z"
      },
      "price": 8990000,
      "_id": {
        "$oid": "64e882117fbd48cd27c2d21a"
      }
    }
  ],
  "totalPrice": 8990000,
  "status": "Cancelled",
  "isPaid": true,
  "orderDate": {
    "$date": "2023-08-25T10:27:29.135Z"
  },
  "cancelDate": {
    "$date": "2023-08-25T10:28:22.526Z"
  },
  "__v": 1,
  "representer": {
    "name": "VŨ",
    "email": "phivu3215@gmail.com",
    "phoneNumber": "0918463125",
    "address": "VŨ"
  },
  "shippingAddress": "VŨ"
},
{
  "_id": {
    "$oid": "64e8f5d826045a900d789c17"
  },
  "tourCode": "NDSGN103-060-020723VN-D",
  "tickets": [],
  "totalPrice": 8590000,
  "status": "Pending",
  "isPaid": false,
  "orderDate": {
    "$date": "2023-08-25T18:41:28.512Z"
  },
  "cancelDate": {
    "$date": "2023-08-25T18:41:28.512Z"
  },
  "__v": 0
},
{
  "_id": {
    "$oid": "64e9c8195323fe7269769fd2"
  },
  "tourCode": "NDSGN868-013-260823XE-V-F",
  "tickets": [],
  "totalPrice": 399000,
  "status": "Pending",
  "isPaid": false,
  "orderDate": {
    "$date": "2023-08-26T09:38:33.687Z"
  },
  "cancelDate": {
    "$date": "2023-08-26T09:38:33.687Z"
  },
  "__v": 0
},
{
  "_id": {
    "$oid": "64e9cbadd36d9ff5e7674c9b"
  },
  "tourCode": "NDSGN818-007-280623VU-F-7-1",
  "tickets": [],
  "totalPrice": 3990000,
  "status": "Pending",
  "isPaid": false,
  "orderDate": {
    "$date": "2023-08-26T09:53:49.982Z"
  },
  "cancelDate": {
    "$date": "2023-08-26T09:53:49.982Z"
  },
  "__v": 0
},
{
  "_id": {
    "$oid": "64eb063f4a55e352d33c65ea"
  },
  "tourCode": "NDHAN508-059-220623VJ",
  "tickets": [],
  "totalPrice": 3000000,
  "status": "Pending",
  "isPaid": false,
  "orderDate": {
    "$date": "2023-08-27T08:15:59.549Z"
  },
  "cancelDate": {
    "$date": "2023-08-27T08:15:59.549Z"
  },
  "__v": 0
},
{
  "_id": {
    "$oid": "64eb07094a55e352d33c6767"
  },
  "tourCode": "NDHAN508-059-220623VJ",
  "tickets": [],
  "totalPrice": 3000000,
  "status": "Pending",
  "isPaid": false,
  "orderDate": {
    "$date": "2023-08-27T08:19:21.008Z"
  },
  "cancelDate": {
    "$date": "2023-08-27T08:19:21.008Z"
  },
  "__v": 0
},
{
  "_id": {
    "$oid": "64ec96f6d7b79306ffcc66ac"
  },
  "tourCode": "NDSGN302-041-250623VN-D",
  "tickets": [
    {
      "type": "Adult",
      "fullName": "Công",
      "gender": "Male",
      "dateOfBirth": {
        "$date": "2000-09-09T00:00:00.000Z"
      },
      "price": 5690000,
      "_id": {
        "$oid": "64ec9d4bd7b79306ffcc6835"
      }
    }
  ],
  "totalPrice": 5690000,
  "status": "Completed",
  "isPaid": true,
  "orderDate": {
    "$date": "2023-08-28T13:12:43.074Z"
  },
  "cancelDate": {
    "$date": "2023-08-28T12:45:42.803Z"
  },
  "__v": 1,
  "representer": {
    "name": "Công",
    "email": "06vucong97@gmail.com",
    "phoneNumber": "0355555555",
    "address": "123"
  },
  "shippingAddress": "123"
},
{
  "_id": {
    "$oid": "64ecb2f8820c74b7bf5b2349"
  },
  "tourCode": "NDHAN789-008-160923QH-D",
  "tickets": [
    {
      "type": "Adult",
      "fullName": "Vũ Thành Công",
      "gender": "Male",
      "dateOfBirth": {
        "$date": "2000-09-09T00:00:00.000Z"
      },
      "price": 7490000,
      "_id": {
        "$oid": "64ecb39ef04d3e5dd1645506"
      }
    }
  ],
  "totalPrice": 7490000,
  "status": "Completed",
  "isPaid": true,
  "orderDate": {
    "$date": "2023-08-28T14:47:58.064Z"
  },
  "cancelDate": {
    "$date": "2023-08-28T14:45:12.634Z"
  },
  "__v": 1,
  "representer": {
    "name": "Vũ Thành Công",
    "email": "lisettevu2002@gmail.com",
    "phoneNumber": "0123456789",
    "address": "123 đường 456"
  },
  "shippingAddress": "123 đường 456"
},
{
  "_id": {
    "$oid": "64ecbf87bf28fd340dc93624"
  },
  "tourCode": "NDSGN1031-103-010723VU-D",
  "tickets": [],
  "totalPrice": 7999000,
  "status": "Pending",
  "isPaid": false,
  "orderDate": {
    "$date": "2023-08-28T15:38:47.630Z"
  },
  "cancelDate": {
    "$date": "2023-08-28T15:38:47.630Z"
  },
  "__v": 0
},
{
  "_id": {
    "$oid": "64ecd39501b7456e2b37fd8c"
  },
  "tourCode": "NDSGN303-100-250623VN-F-1",
  "tickets": [],
  "totalPrice": 4790000,
  "status": "Pending",
  "isPaid": false,
  "orderDate": {
    "$date": "2023-08-28T17:04:21.678Z"
  },
  "cancelDate": {
    "$date": "2023-08-28T17:04:21.678Z"
  },
  "__v": 0
},
{
  "_id": {
    "$oid": "64ecd717d9781b2d7f73f736"
  },
  "tourCode": "NDSGN303-101-280623QH-F-1",
  "tickets": [
    {
      "type": "Adult",
      "fullName": "Quách Tấn An",
      "gender": "Male",
      "dateOfBirth": {
        "$date": "1971-03-29T00:00:00.000Z"
      },
      "price": 4390000,
      "_id": {
        "$oid": "64eceb291bfefc85ef8803dd"
      }
    }
  ],
  "totalPrice": 4390000,
  "status": "Success",
  "isPaid": true,
  "orderDate": {
    "$date": "2023-08-28T18:44:57.417Z"
  },
  "cancelDate": {
    "$date": "2023-08-28T17:19:19.247Z"
  },
  "__v": 1,
  "representer": {
    "name": "Quách Tấn An",
    "email": "oshimakiyoko2002@gmail.com",
    "phoneNumber": "0123498765",
    "address": "32 Minh Khai"
  },
  "shippingAddress": "32 Minh Khai"
},
{
  "_id": {
    "$oid": "64ecdc480fdb01ad4f8bda00"
  },
  "tourCode": "NDSGN870-052-100923XE-V-F",
  "tickets": [
    {
      "type": "Adult",
      "fullName": "Lâm Văn Long",
      "gender": "Male",
      "dateOfBirth": {
        "$date": "1993-03-07T00:00:00.000Z"
      },
      "price": 1190000,
      "_id": {
        "$oid": "64ecdd863a60d819a3a286cc"
      }
    },
    {
      "type": "Adult",
      "fullName": "Trần Gia Hân",
      "gender": "Female",
      "dateOfBirth": {
        "$date": "1994-09-20T00:00:00.000Z"
      },
      "price": 1190000,
      "_id": {
        "$oid": "64ecdd863a60d819a3a286cd"
      }
    }
  ],
  "totalPrice": 2380000,
  "status": "Cancelled",
  "isPaid": true,
  "orderDate": {
    "$date": "2023-08-28T17:46:46.423Z"
  },
  "cancelDate": {
    "$date": "2023-08-28T18:41:03.516Z"
  },
  "__v": 1,
  "representer": {
    "name": "Lâm Văn Long",
    "email": "oshimakiyoko2002@gmail.com",
    "phoneNumber": "0126789345",
    "address": "244 Lý Thường Kiệt"
  },
  "shippingAddress": "244 Lý Thường Kiệt"
},
{
  "_id": {
    "$oid": "64ecdddc3a60d819a3a28715"
  },
  "tourCode": "NDSGN8731-023-300823XE-V-F",
  "tickets": [
    {
      "type": "Adult",
      "fullName": "Hồ Hạnh Nhi",
      "gender": "Female",
      "dateOfBirth": {
        "$date": "1997-10-19T00:00:00.000Z"
      },
      "price": 299000,
      "_id": {
        "$oid": "64ecdeab3a60d819a3a28bb8"
      }
    }
  ],
  "totalPrice": 299000,
  "status": "Cancelled",
  "isPaid": true,
  "orderDate": {
    "$date": "2023-08-28T17:51:39.426Z"
  },
  "cancelDate": {
    "$date": "2023-08-28T18:43:04.839Z"
  },
  "__v": 1,
  "representer": {
    "name": "Hồ Hạnh Nhi",
    "email": "oshimakiyoko2002@gmail.com",
    "phoneNumber": "0788943215",
    "address": "45/6/9 Bàn Cờ Quận 3 TP Hồ Chí Minh"
  },
  "shippingAddress": "45/6/9 Bàn Cờ Quận 3 TP Hồ Chí Minh"
},
{
  "_id": {
    "$oid": "64ecead21bfefc85ef8803ab"
  },
  "tourCode": "NDSGN855-080-250623VU-V-7",
  "tickets": [],
  "totalPrice": 5690000,
  "status": "Pending",
  "isPaid": false,
  "orderDate": {
    "$date": "2023-08-28T18:43:30.404Z"
  },
  "cancelDate": {
    "$date": "2023-08-28T18:43:30.404Z"
  },
  "__v": 0
},
{
  "_id": {
    "$oid": "64ed448eeaf1cf3028b53820"
  },
  "tourCode": "NDSGN1871-110-290623VU-V-7",
  "tickets": [
    {
      "type": "Adult",
      "fullName": "VO idpe",
      "gender": "Male",
      "dateOfBirth": {
        "$date": "2023-08-09T00:00:00.000Z"
      },
      "price": 12390000,
      "_id": {
        "$oid": "64ed4575eaf1cf3028b53863"
      }
    }
  ],
  "totalPrice": 12390000,
  "status": "Success",
  "isPaid": true,
  "orderDate": {
    "$date": "2023-08-29T01:10:14.001Z"
  },
  "cancelDate": {
    "$date": "2023-08-29T01:06:22.464Z"
  },
  "__v": 1,
  "representer": {
    "name": "VO idpe",
    "email": "vtcong21@vp.fitus.edu.vn",
    "phoneNumber": "0918463125",
    "address": "fcgvhbjn"
  },
  "shippingAddress": "fcgvhbjn"
}]