[{
  "_id": {
    "$oid": "612f98d5b3b75b001fd8a0e0"
  },
  "systemPaymentAccountId": "611fd78cc12a84001f9d6c83",
  "monthlyRevenue": [
    {
      "_id": "612f98d5b3b75b001fd8a0e1",
      "dailyRevenue": [
        {
          "_id": "612f98d5b3b75b001fd8a0e5",
          "date": "2023-01-01T00:00:00.000Z",
          "revenue": 10000000
        },
        {
          "_id": "612f98d5b3b75b001fd8a0e6",
          "date": "2023-01-02T00:00:00.000Z",
          "revenue": 12000000
        },
        {
          "_id": "612f98d5b3b75b001fd8a0e7",
          "date": "2023-01-03T00:00:00.000Z",
          "revenue": 15000000
        },
        {
          "_id": "612f98d5b3b75b001fd8a0e8",
          "date": "2023-01-04T00:00:00.000Z",
          "revenue": 9000000
        },
        {
          "_id": "612f98d5b3b75b001fd8a0e9",
          "date": "2023-01-05T00:00:00.000Z",
          "revenue": 11000000
        },
        {
          "_id": "612f98d5b3b75b001fd8a0ea",
          "date": "2023-01-06T00:00:00.000Z",
          "revenue": 8000000
        },
        {
          "_id": "612f98d5b3b75b001fd8a0eb",
          "date": "2023-01-07T00:00:00.000Z",
          "revenue": 10000000
        },
        {
          "_id": "612f98d5b3b75b001fd8a0ec",
          "date": "2023-01-08T00:00:00.000Z",
          "revenue": 13000000
        },
        {
          "_id": "612f98d5b3b75b001fd8a0ed",
          "date": "2023-01-09T00:00:00.000Z",
          "revenue": 7000000
        },
        {
          "_id": "612f98d5b3b75b001fd8a0ee",
          "date": "2023-01-10T00:00:00.000Z",
          "revenue": 14000000
        },
        {
          "_id": "612f98d5b3b75b001fd8a0ef",
          "date": "2023-01-11T00:00:00.000Z",
          "revenue": 8500000
        },
        {
          "_id": "612f98d5b3b75b001fd8a0f0",
          "date": "2023-01-12T00:00:00.000Z",
          "revenue": 11500000
        },
        {
          "_id": "612f98d5b3b75b001fd8a0f1",
          "date": "2023-01-13T00:00:00.000Z",
          "revenue": 9000000
        },
        {
          "_id": "612f98d5b3b75b001fd8a0f2",
          "date": "2023-01-14T00:00:00.000Z",
          "revenue": 11000000
        },
        {
          "_id": "612f98d5b3b75b001fd8a0f3",
          "date": "2023-01-15T00:00:00.000Z",
          "revenue": 13000000
        },
        {
          "_id": "612f98d5b3b75b001fd8a0f4",
          "date": "2023-01-16T00:00:00.000Z",
          "revenue": 9500000
        },
        {
          "_id": "612f98d5b3b75b001fd8a0f5",
          "date": "2023-01-17T00:00:00.000Z",
          "revenue": 12000000
        },
        {
          "_id": "612f98d5b3b75b001fd8a0f6",
          "date": "2023-01-18T00:00:00.000Z",
          "revenue": 8000000
        },
        {
          "_id": "612f98d5b3b75b001fd8a0f7",
          "date": "2023-01-19T00:00:00.000Z",
          "revenue": 10500000
        },
        {
          "_id": "612f98d5b3b75b001fd8a0f8",
          "date": "2023-01-20T00:00:00.000Z",
          "revenue": 9000000
        },
        {
          "_id": "612f98d5b3b75b001fd8a0f9",
          "date": "2023-01-21T00:00:00.000Z",
          "revenue": 12500000
        },
        {
          "_id": "612f98d5b3b75b001fd8a0fa",
          "date": "2023-01-22T00:00:00.000Z",
          "revenue": 8500000
        },
        {
          "_id": "612f98d5b3b75b001fd8a0fb",
          "date": "2023-01-23T00:00:00.000Z",
          "revenue": 11000000
        },
        {
          "_id": "612f98d5b3b75b001fd8a0fc",
          "date": "2023-01-24T00:00:00.000Z",
          "revenue": 9500000
        },
        {
          "_id": "612f98d5b3b75b001fd8a0fd",
          "date": "2023-01-25T00:00:00.000Z",
          "revenue": 11500000
        },
        {
          "_id": "612f98d5b3b75b001fd8a0fe",
          "date": "2023-01-26T00:00:00.000Z",
          "revenue": 9000000
        },
        {
          "_id": "612f98d5b3b75b001fd8a0ff",
          "date": "2023-01-27T00:00:00.000Z",
          "revenue": 10500000
        },
        {
          "_id": "612f98d5b3b75b001fd8a100",
          "date": "2023-01-28T00:00:00.000Z",
          "revenue": 13000000
        },
        {
          "_id": "612f98d5b3b75b001fd8a101",
          "date": "2023-01-29T00:00:00.000Z",
          "revenue": 9500000
        },
        {
          "_id": "612f98d5b3b75b001fd8a102",
          "date": "2023-01-30T00:00:00.000Z",
          "revenue": 11500000
        },
        {
          "_id": "612f98d5b3b75b001fd8a103",
          "date": "2023-01-31T00:00:00.000Z",
          "revenue": 14000000
        }
      ],
      "month": 1,
      "year": 2023,
      "revenue": 345000000
    },
    {
      "_id": "612f98d5b3b75b001fd8a104",
      "dailyRevenue": [
        {
          "_id": "612f98d5b3b75b001fd8a105",
          "date": "2023-02-01T00:00:00.000Z",
          "revenue": 9500000
        },
        {
          "_id": "612f98d5b3b75b001fd8a106",
          "date": "2023-02-02T00:00:00.000Z",
          "revenue": 12000000
        },
        {
          "_id": "612f98d5b3b75b001fd8a107",
          "date": "2023-02-03T00:00:00.000Z",
          "revenue": 10000000
        },
        {
          "_id": "612f98d5b3b75b001fd8a108",
          "date": "2023-02-04T00:00:00.000Z",
          "revenue": 8000000
        },
        {
          "_id": "612f98d5b3b75b001fd8a109",
          "date": "2023-02-05T00:00:00.000Z",
          "revenue": 13000000
        },
        {
          "_id": "612f98d5b3b75b001fd8a10a",
          "date": "2023-02-06T00:00:00.000Z",
          "revenue": 11000000
        },
        {
          "_id": "612f98d5b3b75b001fd8a10b",
          "date": "2023-02-07T00:00:00.000Z",
          "revenue": 12000000
        },
        {
          "_id": "612f98d5b3b75b001fd8a10c",
          "date": "2023-02-08T00:00:00.000Z",
          "revenue": 9000000
        },
        {
          "_id": "612f98d5b3b75b001fd8a10d",
          "date": "2023-02-09T00:00:00.000Z",
          "revenue": 8500000
        },
        {
          "_id": "612f98d5b3b75b001fd8a10e",
          "date": "2023-02-10T00:00:00.000Z",
          "revenue": 11000000
        },
        {
          "_id": "612f98d5b3b75b001fd8a10f",
          "date": "2023-02-11T00:00:00.000Z",
          "revenue": 8000000
        },
        {
          "_id": "612f98d5b3b75b001fd8a110",
          "date": "2023-02-12T00:00:00.000Z",
          "revenue": 13000000
        },
        {
          "_id": "612f98d5b3b75b001fd8a111",
          "date": "2023-02-13T00:00:00.000Z",
          "revenue": 9000000
        },
        {
          "_id": "612f98d5b3b75b001fd8a112",
          "date": "2023-02-14T00:00:00.000Z",
          "revenue": 10000000
        },
        {
          "_id": "612f98d5b3b75b001fd8a113",
          "date": "2023-02-15T00:00:00.000Z",
          "revenue": 12000000
        },
        {
          "_id": "612f98d5b3b75b001fd8a114",
          "date": "2023-02-16T00:00:00.000Z",
          "revenue": 8500000
        },
        {
          "_id": "612f98d5b3b75b001fd8a115",
          "date": "2023-02-17T00:00:00.000Z",
          "revenue": 11000000
        },
        {
          "_id": "612f98d5b3b75b001fd8a116",
          "date": "2023-02-18T00:00:00.000Z",
          "revenue": 9000000
        },
        {
          "_id": "612f98d5b3b75b001fd8a117",
          "date": "2023-02-19T00:00:00.000Z",
          "revenue": 12000000
        },
        {
          "_id": "612f98d5b3b75b001fd8a118",
          "date": "2023-02-20T00:00:00.000Z",
          "revenue": 10000000
        },
        {
          "_id": "612f98d5b3b75b001fd8a119",
          "date": "2023-02-21T00:00:00.000Z",
          "revenue": 8000000
        },
        {
          "_id": "612f98d5b3b75b001fd8a11a",
          "date": "2023-02-22T00:00:00.000Z",
          "revenue": 13000000
        },
        {
          "_id": "612f98d5b3b75b001fd8a11b",
          "date": "2023-02-23T00:00:00.000Z",
          "revenue": 11000000
        },
        {
          "_id": "612f98d5b3b75b001fd8a11c",
          "date": "2023-02-24T00:00:00.000Z",
          "revenue": 12000000
        },
        {
          "_id": "612f98d5b3b75b001fd8a11d",
          "date": "2023-02-25T00:00:00.000Z",
          "revenue": 9000000
        },
        {
          "_id": "612f98d5b3b75b001fd8a11e",
          "date": "2023-02-26T00:00:00.000Z",
          "revenue": 8500000
        },
        {
          "_id": "612f98d5b3b75b001fd8a11f",
          "date": "2023-02-27T00:00:00.000Z",
          "revenue": 11000000
        },
        {
          "_id": "612f98d5b3b75b001fd8a120",
          "date": "2023-02-28T00:00:00.000Z",
          "revenue": 9000000
        }
      ],
      "month": 2,
      "year": 2023,
      "revenue": 316500000
    },
    {
      "_id": "612f98d5b3b75b001fd8a121",
      "dailyRevenue": [
        {
          "_id": "612f98d5b3b75b001fd8a122",
          "date": "2023-03-01T00:00:00.000Z",
          "revenue": 11000000
        },
        {
          "_id": "612f98d5b3b75b001fd8a123",
          "date": "2023-03-02T00:00:00.000Z",
          "revenue": 9000000
        },
        {
          "_id": "612f98d5b3b75b001fd8a124",
          "date": "2023-03-03T00:00:00.000Z",
          "revenue": 12000000
        },
        {
          "_id": "612f98d5b3b75b001fd8a125",
          "date": "2023-03-04T00:00:00.000Z",
          "revenue": 8500000
        },
        {
          "_id": "612f98d5b3b75b001fd8a126",
          "date": "2023-03-05T00:00:00.000Z",
          "revenue": 13000000
        },
        {
          "_id": "612f98d5b3b75b001fd8a127",
          "date": "2023-03-06T00:00:00.000Z",
          "revenue": 11000000
        },
        {
          "_id": "612f98d5b3b75b001fd8a128",
          "date": "2023-03-07T00:00:00.000Z",
          "revenue": 12000000
        },
        {
          "_id": "612f98d5b3b75b001fd8a129",
          "date": "2023-03-08T00:00:00.000Z",
          "revenue": 9000000
        },
        {
          "_id": "612f98d5b3b75b001fd8a12a",
          "date": "2023-03-09T00:00:00.000Z",
          "revenue": 8500000
        },
        {
          "_id": "612f98d5b3b75b001fd8a12b",
          "date": "2023-03-10T00:00:00.000Z",
          "revenue": 11000000
        },
        {
          "_id": "612f98d5b3b75b001fd8a12c",
          "date": "2023-03-11T00:00:00.000Z",
          "revenue": 8000000
        },
        {
          "_id": "612f98d5b3b75b001fd8a12d",
          "date": "2023-03-12T00:00:00.000Z",
          "revenue": 13000000
        },
        {
          "_id": "612f98d5b3b75b001fd8a12e",
          "date": "2023-03-13T00:00:00.000Z",
          "revenue": 9000000
        },
        {
          "_id": "612f98d5b3b75b001fd8a12f",
          "date": "2023-03-14T00:00:00.000Z",
          "revenue": 10000000
        },
        {
          "_id": "612f98d5b3b75b001fd8a130",
          "date": "2023-03-15T00:00:00.000Z",
          "revenue": 12000000
        },
        {
          "_id": "612f98d5b3b75b001fd8a131",
          "date": "2023-03-16T00:00:00.000Z",
          "revenue": 8500000
        },
        {
          "_id": "612f98d5b3b75b001fd8a132",
          "date": "2023-03-17T00:00:00.000Z",
          "revenue": 11000000
        },
        {
          "_id": "612f98d5b3b75b001fd8a133",
          "date": "2023-03-18T00:00:00.000Z",
          "revenue": 9000000
        },
        {
          "_id": "612f98d5b3b75b001fd8a134",
          "date": "2023-03-19T00:00:00.000Z",
          "revenue": 12000000
        },
        {
          "_id": "612f98d5b3b75b001fd8a135",
          "date": "2023-03-20T00:00:00.000Z",
          "revenue": 10000000
        },
        {
          "_id": "612f98d5b3b75b001fd8a136",
          "date": "2023-03-21T00:00:00.000Z",
          "revenue": 8000000
        },
        {
          "_id": "612f98d5b3b75b001fd8a137",
          "date": "2023-03-22T00:00:00.000Z",
          "revenue": 13000000
        },
        {
          "_id": "612f98d5b3b75b001fd8a138",
          "date": "2023-03-23T00:00:00.000Z",
          "revenue": 11000000
        },
        {
          "_id": "612f98d5b3b75b001fd8a139",
          "date": "2023-03-24T00:00:00.000Z",
          "revenue": 12000000
        },
        {
          "_id": "612f98d5b3b75b001fd8a13a",
          "date": "2023-03-25T00:00:00.000Z",
          "revenue": 9000000
        },
        {
          "_id": "612f98d5b3b75b001fd8a13b",
          "date": "2023-03-26T00:00:00.000Z",
          "revenue": 8500000
        },
        {
          "_id": "612f98d5b3b75b001fd8a13c",
          "date": "2023-03-27T00:00:00.000Z",
          "revenue": 11000000
        },
        {
          "_id": "612f98d5b3b75b001fd8a13d",
          "date": "2023-03-28T00:00:00.000Z",
          "revenue": 12000000
        },
        {
          "_id": "612f98d5b3b75b001fd8a13e",
          "date": "2023-03-29T00:00:00.000Z",
          "revenue": 10000000
        },
        {
          "_id": "612f98d5b3b75b001fd8a13f",
          "date": "2023-03-30T00:00:00.000Z",
          "revenue": 8000000
        },
        {
          "_id": "612f98d5b3b75b001fd8a140",
          "date": "2023-03-31T00:00:00.000Z",
          "revenue": 13000000
        }
      ],
      "month": 3,
      "year": 2023,
      "revenue": 316000000
    },
    {
      "_id": "612f98d5b3b75b001fd8a141",
      "dailyRevenue": [
        {
          "_id": "612f98d5b3b75b001fd8a142",
          "date": "2023-04-01T00:00:00.000Z",
          "revenue": 13000000
        },
        {
          "_id": "612f98d5b3b75b001fd8a143",
          "date": "2023-04-02T00:00:00.000Z",
          "revenue": 12000000
        },
        {
          "_id": "612f98d5b3b75b001fd8a144",
          "date": "2023-04-03T00:00:00.000Z",
          "revenue": 9000000
        },
        {
          "_id": "612f98d5b3b75b001fd8a145",
          "date": "2023-04-04T00:00:00.000Z",
          "revenue": 8500000
        },
        {
          "_id": "612f98d5b3b75b001fd8a146",
          "date": "2023-04-05T00:00:00.000Z",
          "revenue": 11000000
        },
        {
          "_id": "612f98d5b3b75b001fd8a147",
          "date": "2023-04-06T00:00:00.000Z",
          "revenue": 12000000
        },
        {
          "_id": "612f98d5b3b75b001fd8a148",
          "date": "2023-04-07T00:00:00.000Z",
          "revenue": 10000000
        },
        {
          "_id": "612f98d5b3b75b001fd8a149",
          "date": "2023-04-08T00:00:00.000Z",
          "revenue": 13000000
        },
        {
          "_id": "612f98d5b3b75b001fd8a14a",
          "date": "2023-04-09T00:00:00.000Z",
          "revenue": 9000000
        },
        {
          "_id": "612f98d5b3b75b001fd8a14b",
          "date": "2023-04-10T00:00:00.000Z",
          "revenue": 8500000
        },
        {
          "_id": "612f98d5b3b75b001fd8a14c",
          "date": "2023-04-11T00:00:00.000Z",
          "revenue": 11000000
        },
        {
          "_id": "612f98d5b3b75b001fd8a14d",
          "date": "2023-04-12T00:00:00.000Z",
          "revenue": 8000000
        },
        {
          "_id": "612f98d5b3b75b001fd8a14e",
          "date": "2023-04-13T00:00:00.000Z",
          "revenue": 13000000
        },
        {
          "_id": "612f98d5b3b75b001fd8a14f",
          "date": "2023-04-14T00:00:00.000Z",
          "revenue": 9000000
        },
        {
          "_id": "612f98d5b3b75b001fd8a150",
          "date": "2023-04-15T00:00:00.000Z",
          "revenue": 10000000
        },
        {
          "_id": "612f98d5b3b75b001fd8a151",
          "date": "2023-04-16T00:00:00.000Z",
          "revenue": 12000000
        },
        {
          "_id": "612f98d5b3b75b001fd8a152",
          "date": "2023-04-17T00:00:00.000Z",
          "revenue": 8500000
        },
        {
          "_id": "612f98d5b3b75b001fd8a153",
          "date": "2023-04-18T00:00:00.000Z",
          "revenue": 11000000
        },
        {
          "_id": "612f98d5b3b75b001fd8a154",
          "date": "2023-04-19T00:00:00.000Z",
          "revenue": 9000000
        },
        {
          "_id": "612f98d5b3b75b001fd8a155",
          "date": "2023-04-20T00:00:00.000Z",
          "revenue": 12000000
        },
        {
          "_id": "612f98d5b3b75b001fd8a156",
          "date": "2023-04-21T00:00:00.000Z",
          "revenue": 10000000
        },
        {
          "_id": "612f98d5b3b75b001fd8a157",
          "date": "2023-04-22T00:00:00.000Z",
          "revenue": 8000000
        },
        {
          "_id": "612f98d5b3b75b001fd8a158",
          "date": "2023-04-23T00:00:00.000Z",
          "revenue": 13000000
        },
        {
          "_id": "612f98d5b3b75b001fd8a159",
          "date": "2023-04-24T00:00:00.000Z",
          "revenue": 11000000
        },
        {
          "_id": "612f98d5b3b75b001fd8a15a",
          "date": "2023-04-25T00:00:00.000Z",
          "revenue": 12000000
        },
        {
          "_id": "612f98d5b3b75b001fd8a15b",
          "date": "2023-04-26T00:00:00.000Z",
          "revenue": 9000000
        },
        {
          "_id": "612f98d5b3b75b001fd8a15c",
          "date": "2023-04-27T00:00:00.000Z",
          "revenue": 8500000
        },
        {
          "_id": "612f98d5b3b75b001fd8a15d",
          "date": "2023-04-28T00:00:00.000Z",
          "revenue": 10000000
        },
        {
          "_id": "612f98d5b3b75b001fd8a15e",
          "date": "2023-04-29T00:00:00.000Z",
          "revenue": 13000000
        },
        {
          "_id": "612f98d5b3b75b001fd8a15f",
          "date": "2023-04-30T00:00:00.000Z",
          "revenue": 8500000
        }
      ],
      "month": 4,
      "year": 2023,
      "revenue": 309500000
    },
    {
      "_id": "612f98d5b3b75b001fd8a160",
      "dailyRevenue": [
        {
          "_id": "612f98d5b3b75b001fd8a161",
          "date": "2023-05-01T00:00:00.000Z",
          "revenue": 10000000
        },
        {
          "_id": "612f98d5b3b75b001fd8a162",
          "date": "2023-05-02T00:00:00.000Z",
          "revenue": 12000000
        },
        {
          "_id": "612f98d5b3b75b001fd8a163",
          "date": "2023-05-03T00:00:00.000Z",
          "revenue": 9000000
        },
        {
          "_id": "612f98d5b3b75b001fd8a164",
          "date": "2023-05-04T00:00:00.000Z",
          "revenue": 8500000
        },
        {
          "_id": "612f98d5b3b75b001fd8a165",
          "date": "2023-05-05T00:00:00.000Z",
          "revenue": 11000000
        },
        {
          "_id": "612f98d5b3b75b001fd8a166",
          "date": "2023-05-06T00:00:00.000Z",
          "revenue": 12000000
        },
        {
          "_id": "612f98d5b3b75b001fd8a167",
          "date": "2023-05-07T00:00:00.000Z",
          "revenue": 10000000
        },
        {
          "_id": "612f98d5b3b75b001fd8a168",
          "date": "2023-05-08T00:00:00.000Z",
          "revenue": 13000000
        },
        {
          "_id": "612f98d5b3b75b001fd8a169",
          "date": "2023-05-09T00:00:00.000Z",
          "revenue": 9000000
        },
        {
          "_id": "612f98d5b3b75b001fd8a16a",
          "date": "2023-05-10T00:00:00.000Z",
          "revenue": 8500000
        },
        {
          "_id": "612f98d5b3b75b001fd8a16b",
          "date": "2023-05-11T00:00:00.000Z",
          "revenue": 11000000
        },
        {
          "_id": "612f98d5b3b75b001fd8a16c",
          "date": "2023-05-12T00:00:00.000Z",
          "revenue": 8000000
        },
        {
          "_id": "612f98d5b3b75b001fd8a16d",
          "date": "2023-05-13T00:00:00.000Z",
          "revenue": 13000000
        },
        {
          "_id": "612f98d5b3b75b001fd8a16e",
          "date": "2023-05-14T00:00:00.000Z",
          "revenue": 9000000
        },
        {
          "_id": "612f98d5b3b75b001fd8a16f",
          "date": "2023-05-15T00:00:00.000Z",
          "revenue": 10000000
        },
        {
          "_id": "612f98d5b3b75b001fd8a170",
          "date": "2023-05-16T00:00:00.000Z",
          "revenue": 12000000
        },
        {
          "_id": "612f98d5b3b75b001fd8a171",
          "date": "2023-05-17T00:00:00.000Z",
          "revenue": 8500000
        },
        {
          "_id": "612f98d5b3b75b001fd8a172",
          "date": "2023-05-18T00:00:00.000Z",
          "revenue": 11000000
        },
        {
          "_id": "612f98d5b3b75b001fd8a173",
          "date": "2023-05-19T00:00:00.000Z",
          "revenue": 9000000
        },
        {
          "_id": "612f98d5b3b75b001fd8a174",
          "date": "2023-05-20T00:00:00.000Z",
          "revenue": 12000000
        },
        {
          "_id": "612f98d5b3b75b001fd8a175",
          "date": "2023-05-21T00:00:00.000Z",
          "revenue": 10000000
        },
        {
          "_id": "612f98d5b3b75b001fd8a176",
          "date": "2023-05-22T00:00:00.000Z",
          "revenue": 8000000
        },
        {
          "_id": "612f98d5b3b75b001fd8a177",
          "date": "2023-05-23T00:00:00.000Z",
          "revenue": 13000000
        },
        {
          "_id": "612f98d5b3b75b001fd8a178",
          "date": "2023-05-24T00:00:00.000Z",
          "revenue": 11000000
        },
        {
          "_id": "612f98d5b3b75b001fd8a179",
          "date": "2023-05-25T00:00:00.000Z",
          "revenue": 12000000
        },
        {
          "_id": "612f98d5b3b75b001fd8a17a",
          "date": "2023-05-26T00:00:00.000Z",
          "revenue": 9000000
        },
        {
          "_id": "612f98d5b3b75b001fd8a17b",
          "date": "2023-05-27T00:00:00.000Z",
          "revenue": 10000000
        },
        {
          "_id": "612f98d5b3b75b001fd8a17c",
          "date": "2023-05-28T00:00:00.000Z",
          "revenue": 11000000
        },
        {
          "_id": "612f98d5b3b75b001fd8a17d",
          "date": "2023-05-29T00:00:00.000Z",
          "revenue": 8500000
        },
        {
          "_id": "612f98d5b3b75b001fd8a17e",
          "date": "2023-05-30T00:00:00.000Z",
          "revenue": 10000000
        },
        {
          "_id": "612f98d5b3b75b001fd8a17f",
          "date": "2023-05-31T00:00:00.000Z",
          "revenue": 13000000
        }
      ],
      "month": 5,
      "year": 2023,
      "revenue": 340000000
    },
    {
      "_id": "612f98d5b3b75b001fd8a180",
      "dailyRevenue": [
        {
          "_id": "612f98d5b3b75b001fd8a181",
          "date": "2023-06-01T00:00:00.000Z",
          "revenue": 9000000
        },
        {
          "_id": "612f98d5b3b75b001fd8a182",
          "date": "2023-06-02T00:00:00.000Z",
          "revenue": 11000000
        },
        {
          "_id": "612f98d5b3b75b001fd8a183",
          "date": "2023-06-03T00:00:00.000Z",
          "revenue": 10000000
        },
        {
          "_id": "612f98d5b3b75b001fd8a184",
          "date": "2023-06-04T00:00:00.000Z",
          "revenue": 12000000
        },
        {
          "_id": "612f98d5b3b75b001fd8a185",
          "date": "2023-06-05T00:00:00.000Z",
          "revenue": 11000000
        },
        {
          "_id": "612f98d5b3b75b001fd8a186",
          "date": "2023-06-06T00:00:00.000Z",
          "revenue": 8500000
        },
        {
          "_id": "612f98d5b3b75b001fd8a187",
          "date": "2023-06-07T00:00:00.000Z",
          "revenue": 10000000
        },
        {
          "_id": "612f98d5b3b75b001fd8a188",
          "date": "2023-06-08T00:00:00.000Z",
          "revenue": 12000000
        },
        {
          "_id": "612f98d5b3b75b001fd8a189",
          "date": "2023-06-09T00:00:00.000Z",
          "revenue": 9000000
        },
        {
          "_id": "612f98d5b3b75b001fd8a18a",
          "date": "2023-06-10T00:00:00.000Z",
          "revenue": 11000000
        },
        {
          "_id": "612f98d5b3b75b001fd8a18b",
          "date": "2023-06-11T00:00:00.000Z",
          "revenue": 8500000
        },
        {
          "_id": "612f98d5b3b75b001fd8a18c",
          "date": "2023-06-12T00:00:00.000Z",
          "revenue": 10000000
        },
        {
          "_id": "612f98d5b3b75b001fd8a18d",
          "date": "2023-06-13T00:00:00.000Z",
          "revenue": 12000000
        },
        {
          "_id": "612f98d5b3b75b001fd8a18e",
          "date": "2023-06-14T00:00:00.000Z",
          "revenue": 11000000
        },
        {
          "_id": "612f98d5b3b75b001fd8a18f",
          "date": "2023-06-15T00:00:00.000Z",
          "revenue": 9000000
        },
        {
          "_id": "612f98d5b3b75b001fd8a190",
          "date": "2023-06-16T00:00:00.000Z",
          "revenue": 10000000
        },
        {
          "_id": "612f98d5b3b75b001fd8a191",
          "date": "2023-06-17T00:00:00.000Z",
          "revenue": 12000000
        },
        {
          "_id": "612f98d5b3b75b001fd8a192",
          "date": "2023-06-18T00:00:00.000Z",
          "revenue": 11000000
        },
        {
          "_id": "612f98d5b3b75b001fd8a193",
          "date": "2023-06-19T00:00:00.000Z",
          "revenue": 8500000
        },
        {
          "_id": "612f98d5b3b75b001fd8a194",
          "date": "2023-06-20T00:00:00.000Z",
          "revenue": 10000000
        },
        {
          "_id": "612f98d5b3b75b001fd8a195",
          "date": "2023-06-21T00:00:00.000Z",
          "revenue": 12000000
        },
        {
          "_id": "612f98d5b3b75b001fd8a196",
          "date": "2023-06-22T00:00:00.000Z",
          "revenue": 11000000
        },
        {
          "_id": "612f98d5b3b75b001fd8a197",
          "date": "2023-06-23T00:00:00.000Z",
          "revenue": 9000000
        },
        {
          "_id": "612f98d5b3b75b001fd8a198",
          "date": "2023-06-24T00:00:00.000Z",
          "revenue": 11000000
        },
        {
          "_id": "612f98d5b3b75b001fd8a199",
          "date": "2023-06-25T00:00:00.000Z",
          "revenue": 8500000
        },
        {
          "_id": "612f98d5b3b75b001fd8a19a",
          "date": "2023-06-26T00:00:00.000Z",
          "revenue": 10000000
        },
        {
          "_id": "612f98d5b3b75b001fd8a19b",
          "date": "2023-06-27T00:00:00.000Z",
          "revenue": 12000000
        },
        {
          "_id": "612f98d5b3b75b001fd8a19c",
          "date": "2023-06-28T00:00:00.000Z",
          "revenue": 11000000
        },
        {
          "_id": "612f98d5b3b75b001fd8a19d",
          "date": "2023-06-29T00:00:00.000Z",
          "revenue": 9000000
        },
        {
          "_id": "612f98d5b3b75b001fd8a19e",
          "date": "2023-06-30T00:00:00.000Z",
          "revenue": 10000000
        }
      ],
      "month": 6,
      "year": 2023,
      "revenue": 318500000
    },
    {
      "_id": "612f98d5b3b75b001fd8a19f",
      "dailyRevenue": [
        {
          "_id": "612f98d5b3b75b001fd8a1a0",
          "date": "2023-07-01T00:00:00.000Z",
          "revenue": 8000000
        },
        {
          "_id": "612f98d5b3b75b001fd8a1a1",
          "date": "2023-07-02T00:00:00.000Z",
          "revenue": 9500000
        },
        {
          "_id": "612f98d5b3b75b001fd8a1a2",
          "date": "2023-07-03T00:00:00.000Z",
          "revenue": 9000000
        },
        {
          "_id": "612f98d5b3b75b001fd8a1a3",
          "date": "2023-07-04T00:00:00.000Z",
          "revenue": 8500000
        },
        {
          "_id": "612f98d5b3b75b001fd8a1a4",
          "date": "2023-07-05T00:00:00.000Z",
          "revenue": 8200000
        },
        {
          "_id": "612f98d5b3b75b001fd8a1a5",
          "date": "2023-07-06T00:00:00.000Z",
          "revenue": 9000000
        },
        {
          "_id": "612f98d5b3b75b001fd8a1a6",
          "date": "2023-07-07T00:00:00.000Z",
          "revenue": 9500000
        },
        {
          "_id": "612f98d5b3b75b001fd8a1a7",
          "date": "2023-07-08T00:00:00.000Z",
          "revenue": 8700000
        },
        {
          "_id": "612f98d5b3b75b001fd8a1a8",
          "date": "2023-07-09T00:00:00.000Z",
          "revenue": 9000000
        },
        {
          "_id": "612f98d5b3b75b001fd8a1a9",
          "date": "2023-07-10T00:00:00.000Z",
          "revenue": 8500000
        },
        {
          "_id": "612f98d5b3b75b001fd8a1aa",
          "date": "2023-07-11T00:00:00.000Z",
          "revenue": 8200000
        },
        {
          "_id": "612f98d5b3b75b001fd8a1ab",
          "date": "2023-07-12T00:00:00.000Z",
          "revenue": 9000000
        },
        {
          "_id": "612f98d5b3b75b001fd8a1ac",
          "date": "2023-07-13T00:00:00.000Z",
          "revenue": 9500000
        },
        {
          "_id": "612f98d5b3b75b001fd8a1ad",
          "date": "2023-07-14T00:00:00.000Z",
          "revenue": 8700000
        },
        {
          "_id": "612f98d5b3b75b001fd8a1ae",
          "date": "2023-07-15T00:00:00.000Z",
          "revenue": 9000000
        },
        {
          "_id": "612f98d5b3b75b001fd8a1af",
          "date": "2023-07-16T00:00:00.000Z",
          "revenue": 8500000
        },
        {
          "_id": "612f98d5b3b75b001fd8a1b0",
          "date": "2023-07-17T00:00:00.000Z",
          "revenue": 8200000
        },
        {
          "_id": "612f98d5b3b75b001fd8a1b1",
          "date": "2023-07-18T00:00:00.000Z",
          "revenue": 9000000
        },
        {
          "_id": "612f98d5b3b75b001fd8a1b2",
          "date": "2023-07-19T00:00:00.000Z",
          "revenue": 9500000
        },
        {
          "_id": "612f98d5b3b75b001fd8a1b3",
          "date": "2023-07-20T00:00:00.000Z",
          "revenue": 8700000
        },
        {
          "_id": "612f98d5b3b75b001fd8a1b4",
          "date": "2023-07-21T00:00:00.000Z",
          "revenue": 9000000
        },
        {
          "_id": "612f98d5b3b75b001fd8a1b5",
          "date": "2023-07-22T00:00:00.000Z",
          "revenue": 8500000
        },
        {
          "_id": "612f98d5b3b75b001fd8a1b6",
          "date": "2023-07-23T00:00:00.000Z",
          "revenue": 8200000
        },
        {
          "_id": "612f98d5b3b75b001fd8a1b7",
          "date": "2023-07-24T00:00:00.000Z",
          "revenue": 9000000
        },
        {
          "_id": "612f98d5b3b75b001fd8a1b8",
          "date": "2023-07-25T00:00:00.000Z",
          "revenue": 9500000
        },
        {
          "_id": "612f98d5b3b75b001fd8a1b9",
          "date": "2023-07-26T00:00:00.000Z",
          "revenue": 8700000
        },
        {
          "_id": "612f98d5b3b75b001fd8a1ba",
          "date": "2023-07-27T00:00:00.000Z",
          "revenue": 9000000
        },
        {
          "_id": "612f98d5b3b75b001fd8a1bb",
          "date": "2023-07-28T00:00:00.000Z",
          "revenue": 8500000
        },
        {
          "_id": "612f98d5b3b75b001fd8a1bc",
          "date": "2023-07-29T00:00:00.000Z",
          "revenue": 8200000
        },
        {
          "_id": "612f98d5b3b75b001fd8a1bd",
          "date": "2023-07-30T00:00:00.000Z",
          "revenue": 9000000
        },
        {
          "_id": "612f98d5b3b75b001fd8a1be",
          "date": "2023-07-31T00:00:00.000Z",
          "revenue": 9500000
        }
      ],
      "month": 7,
      "year": 2023,
      "revenue": 274800000
    },
    {
      "_id": "612f98d5b3b75b001fd8a1bf",
      "dailyRevenue": [
        {
          "_id": "612f98d5b3b75b001fd8a1c0",
          "date": "2023-08-01T00:00:00.000Z",
          "revenue": 11000000
        },
        {
          "_id": "612f98d5b3b75b001fd8a1c1",
          "date": "2023-08-02T00:00:00.000Z",
          "revenue": 10500000
        },
        {
          "date": "2023-08-03T00:00:00.000Z",
          "revenue": 20500000
        },
        {
          "date": "2023-08-04T00:00:00.000Z",
          "revenue": 0
        },
        {
          "date": "2023-08-05T00:00:00.000Z",
          "revenue": 10500000
        },
        {
          "date": "2023-08-06T00:00:00.000Z",
          "revenue": 15000000
        },
        {
          "date": "2023-08-07T00:00:00.000Z",
          "revenue": 12300000
        },
        {
          "date": "2023-08-08T00:00:00.000Z",
          "revenue": 3000000
        },
        {
          "date": "2023-08-09T00:00:00.000Z",
          "revenue": 17000000
        },
        {
          "date": "2023-08-10T00:00:00.000Z",
          "revenue": 25000000
        },
        {
          "date": "2023-08-11T00:00:00.000Z",
          "revenue": 30000000
        },
        {
          "date": {
            "$date": "2023-08-27T00:00:00.000Z"
          },
          "revenue": 9869000,
          "_id": {
            "$oid": "64ecf0761b84da75d7255086"
          }
        },
        {
          "date": {
            "$date": "2023-08-28T00:00:00.000Z"
          },
          "revenue": 9869000,
          "_id": {
            "$oid": "64ed4326eaf1cf3028b530c0"
          }
        }
      ],
      "month": 8,
      "year": 2023,
      "revenue": 174538000
    },
    {
      "dailyRevenue": [
        {
          "date": {
            "$date": "2023-09-06T00:00:00.000Z"
          },
          "revenue": 0,
          "_id": {
            "$oid": "64f98e11932548585e3afd3d"
          }
        }
      ],
      "month": 9,
      "year": 2023,
      "revenue": 0,
      "_id": {
        "$oid": "64f98e11932548585e3afd3c"
      }
    }
  ],
  "__v": 11
}]