[{
  "_id": {
    "$oid": "64e8f51c36761f1dfd0d3fe0"
  },
  "email": "vtcong21@vp.fitus.edu.vn",
  "code": 507657,
  "expiration": {
    "$date": "2023-08-25T18:40:20.038Z"
  },
  "createdAt": {
    "$date": "2023-08-25T18:38:20.047Z"
  },
  "updatedAt": {
    "$date": "2023-08-25T18:38:20.047Z"
  },
  "__v": 0
},
{
  "_id": {
    "$oid": "64e9eff8074bc5ed8bece0b6"
  },
  "email": "vnxuyen21@vp.fitus.edu.vn",
  "code": 127907,
  "expiration": {
    "$date": "2023-08-26T12:30:40.717Z"
  },
  "createdAt": {
    "$date": "2023-08-26T12:28:40.718Z"
  },
  "updatedAt": {
    "$date": "2023-08-26T12:28:40.718Z"
  },
  "__v": 0
},
{
  "_id": {
    "$oid": "64ec4538c8077dd439ea4298"
  },
  "email": "oshimakiyoko2002@gmail.com",
  "code": 904234,
  "expiration": {
    "$date": "2023-08-28T06:58:56.712Z"
  },
  "createdAt": {
    "$date": "2023-08-28T06:56:56.716Z"
  },
  "updatedAt": {
    "$date": "2023-08-28T06:56:56.716Z"
  },
  "__v": 0
},
{
  "_id": {
    "$oid": "64ec4671c8077dd439ea429a"
  },
  "email": "oshimakiyoko2002@gmail.com",
  "code": 419501,
  "expiration": {
    "$date": "2023-08-28T07:04:09.495Z"
  },
  "createdAt": {
    "$date": "2023-08-28T07:02:09.499Z"
  },
  "updatedAt": {
    "$date": "2023-08-28T07:02:09.499Z"
  },
  "__v": 0
},
{
  "_id": {
    "$oid": "64ec47d7c8077dd439ea429c"
  },
  "email": "oshimakiyoko2002@gmail.com",
  "code": 688063,
  "expiration": {
    "$date": "2023-08-28T07:10:07.675Z"
  },
  "createdAt": {
    "$date": "2023-08-28T07:08:07.678Z"
  },
  "updatedAt": {
    "$date": "2023-08-28T07:08:07.678Z"
  },
  "__v": 0
},
{
  "_id": {
    "$oid": "64ec49afc8077dd439ea429e"
  },
  "email": "oshimakiyoko2002@gmail.com",
  "code": 815112,
  "expiration": {
    "$date": "2023-08-28T07:17:59.163Z"
  },
  "createdAt": {
    "$date": "2023-08-28T07:15:59.165Z"
  },
  "updatedAt": {
    "$date": "2023-08-28T07:15:59.165Z"
  },
  "__v": 0
},
{
  "_id": {
    "$oid": "64ec53c3c8077dd439ea42a0"
  },
  "email": "oshimakiyoko2002@gmail.com",
  "code": 506452,
  "expiration": {
    "$date": "2023-08-28T08:00:59.557Z"
  },
  "createdAt": {
    "$date": "2023-08-28T07:58:59.558Z"
  },
  "updatedAt": {
    "$date": "2023-08-28T07:58:59.558Z"
  },
  "__v": 0
},
{
  "_id": {
    "$oid": "64ec5592c8077dd439ea42a2"
  },
  "email": "oshimakiyoko2002@gmail.com",
  "code": 742390,
  "expiration": {
    "$date": "2023-08-28T08:08:42.855Z"
  },
  "createdAt": {
    "$date": "2023-08-28T08:06:42.857Z"
  },
  "updatedAt": {
    "$date": "2023-08-28T08:06:42.857Z"
  },
  "__v": 0
},
{
  "_id": {
    "$oid": "64ec56aac8077dd439ea42a4"
  },
  "email": "oshimakiyoko2002@gmail.com",
  "code": 583951,
  "expiration": {
    "$date": "2023-08-28T08:13:22.721Z"
  },
  "createdAt": {
    "$date": "2023-08-28T08:11:22.724Z"
  },
  "updatedAt": {
    "$date": "2023-08-28T08:11:22.724Z"
  },
  "__v": 0
},
{
  "_id": {
    "$oid": "64ec5a8fc8077dd439ea42a6"
  },
  "email": "oshimakiyoko2002@gmail.com",
  "code": 414754,
  "expiration": {
    "$date": "2023-08-28T08:29:59.818Z"
  },
  "createdAt": {
    "$date": "2023-08-28T08:27:59.821Z"
  },
  "updatedAt": {
    "$date": "2023-08-28T08:27:59.821Z"
  },
  "__v": 0
},
{
  "_id": {
    "$oid": "64ec5a91c8077dd439ea42a8"
  },
  "email": "oshimakiyoko2002@gmail.com",
  "code": 290527,
  "expiration": {
    "$date": "2023-08-28T08:30:01.511Z"
  },
  "createdAt": {
    "$date": "2023-08-28T08:28:01.515Z"
  },
  "updatedAt": {
    "$date": "2023-08-28T08:28:01.515Z"
  },
  "__v": 0
},
{
  "_id": {
    "$oid": "64ec5b79c8077dd439ea42aa"
  },
  "email": "oshimakiyoko2002@gmail.com",
  "code": 727145,
  "expiration": {
    "$date": "2023-08-28T08:33:53.567Z"
  },
  "createdAt": {
    "$date": "2023-08-28T08:31:53.569Z"
  },
  "updatedAt": {
    "$date": "2023-08-28T08:31:53.569Z"
  },
  "__v": 0
},
{
  "_id": {
    "$oid": "64ec5b7dc8077dd439ea42ac"
  },
  "email": "oshimakiyoko2002@gmail.com",
  "code": 495239,
  "expiration": {
    "$date": "2023-08-28T08:33:57.486Z"
  },
  "createdAt": {
    "$date": "2023-08-28T08:31:57.488Z"
  },
  "updatedAt": {
    "$date": "2023-08-28T08:31:57.488Z"
  },
  "__v": 0
},
{
  "_id": {
    "$oid": "64ec5b7ec8077dd439ea42ae"
  },
  "email": "oshimakiyoko2002@gmail.com",
  "code": 827781,
  "expiration": {
    "$date": "2023-08-28T08:33:58.221Z"
  },
  "createdAt": {
    "$date": "2023-08-28T08:31:58.223Z"
  },
  "updatedAt": {
    "$date": "2023-08-28T08:31:58.223Z"
  },
  "__v": 0
},
{
  "_id": {
    "$oid": "64ec5c6ac8077dd439ea42b0"
  },
  "email": "oshimakiyoko2002@gmail.com",
  "code": 889757,
  "expiration": {
    "$date": "2023-08-28T08:37:54.226Z"
  },
  "createdAt": {
    "$date": "2023-08-28T08:35:54.227Z"
  },
  "updatedAt": {
    "$date": "2023-08-28T08:35:54.227Z"
  },
  "__v": 0
},
{
  "_id": {
    "$oid": "64ec5c98c8077dd439ea42b2"
  },
  "email": "oshimakiyoko2002@gmail.com",
  "code": 928094,
  "expiration": {
    "$date": "2023-08-28T08:38:40.435Z"
  },
  "createdAt": {
    "$date": "2023-08-28T08:36:40.436Z"
  },
  "updatedAt": {
    "$date": "2023-08-28T08:36:40.436Z"
  },
  "__v": 0
},
{
  "_id": {
    "$oid": "64ec5cbdc8077dd439ea42b4"
  },
  "email": "oshimakiyoko2002@gmail.com",
  "code": 306833,
  "expiration": {
    "$date": "2023-08-28T08:39:17.835Z"
  },
  "createdAt": {
    "$date": "2023-08-28T08:37:17.836Z"
  },
  "updatedAt": {
    "$date": "2023-08-28T08:37:17.836Z"
  },
  "__v": 0
},
{
  "_id": {
    "$oid": "64ec5cc1c8077dd439ea42b6"
  },
  "email": "oshimakiyoko2002@gmail.com",
  "code": 416761,
  "expiration": {
    "$date": "2023-08-28T08:39:21.818Z"
  },
  "createdAt": {
    "$date": "2023-08-28T08:37:21.820Z"
  },
  "updatedAt": {
    "$date": "2023-08-28T08:37:21.820Z"
  },
  "__v": 0
},
{
  "_id": {
    "$oid": "64ec5d74c8077dd439ea42b8"
  },
  "email": "oshimakiyoko2002@gmail.com",
  "code": 386219,
  "expiration": {
    "$date": "2023-08-28T08:42:20.966Z"
  },
  "createdAt": {
    "$date": "2023-08-28T08:40:20.968Z"
  },
  "updatedAt": {
    "$date": "2023-08-28T08:40:20.968Z"
  },
  "__v": 0
},
{
  "_id": {
    "$oid": "64ec5e1bc8077dd439ea42ba"
  },
  "email": "oshimakiyoko2002@gmail.com",
  "code": 716009,
  "expiration": {
    "$date": "2023-08-28T08:45:07.332Z"
  },
  "createdAt": {
    "$date": "2023-08-28T08:43:07.333Z"
  },
  "updatedAt": {
    "$date": "2023-08-28T08:43:07.333Z"
  },
  "__v": 0
},
{
  "_id": {
    "$oid": "64ec5e1ec8077dd439ea42bc"
  },
  "email": "oshimakiyoko2002@gmail.com",
  "code": 976149,
  "expiration": {
    "$date": "2023-08-28T08:45:10.056Z"
  },
  "createdAt": {
    "$date": "2023-08-28T08:43:10.057Z"
  },
  "updatedAt": {
    "$date": "2023-08-28T08:43:10.057Z"
  },
  "__v": 0
},
{
  "_id": {
    "$oid": "64ec5e1ec8077dd439ea42be"
  },
  "email": "oshimakiyoko2002@gmail.com",
  "code": 781821,
  "expiration": {
    "$date": "2023-08-28T08:45:10.408Z"
  },
  "createdAt": {
    "$date": "2023-08-28T08:43:10.409Z"
  },
  "updatedAt": {
    "$date": "2023-08-28T08:43:10.409Z"
  },
  "__v": 0
},
{
  "_id": {
    "$oid": "64ec5e1ec8077dd439ea42c0"
  },
  "email": "oshimakiyoko2002@gmail.com",
  "code": 323488,
  "expiration": {
    "$date": "2023-08-28T08:45:10.640Z"
  },
  "createdAt": {
    "$date": "2023-08-28T08:43:10.642Z"
  },
  "updatedAt": {
    "$date": "2023-08-28T08:43:10.642Z"
  },
  "__v": 0
},
{
  "_id": {
    "$oid": "64ec5e24c8077dd439ea42c2"
  },
  "email": "oshimakiyoko2002@gmail.com",
  "code": 898591,
  "expiration": {
    "$date": "2023-08-28T08:45:16.592Z"
  },
  "createdAt": {
    "$date": "2023-08-28T08:43:16.595Z"
  },
  "updatedAt": {
    "$date": "2023-08-28T08:43:16.595Z"
  },
  "__v": 0
},
{
  "_id": {
    "$oid": "64ec5e41c8077dd439ea42c4"
  },
  "email": "oshimakiyoko2002@gmail.com",
  "code": 685431,
  "expiration": {
    "$date": "2023-08-28T08:45:45.552Z"
  },
  "createdAt": {
    "$date": "2023-08-28T08:43:45.553Z"
  },
  "updatedAt": {
    "$date": "2023-08-28T08:43:45.553Z"
  },
  "__v": 0
},
{
  "_id": {
    "$oid": "64ec5e42c8077dd439ea42c6"
  },
  "email": "oshimakiyoko2002@gmail.com",
  "code": 545588,
  "expiration": {
    "$date": "2023-08-28T08:45:46.003Z"
  },
  "createdAt": {
    "$date": "2023-08-28T08:43:46.005Z"
  },
  "updatedAt": {
    "$date": "2023-08-28T08:43:46.005Z"
  },
  "__v": 0
},
{
  "_id": {
    "$oid": "64ec5e43c8077dd439ea42c8"
  },
  "email": "oshimakiyoko2002@gmail.com",
  "code": 799550,
  "expiration": {
    "$date": "2023-08-28T08:45:47.775Z"
  },
  "createdAt": {
    "$date": "2023-08-28T08:43:47.776Z"
  },
  "updatedAt": {
    "$date": "2023-08-28T08:43:47.776Z"
  },
  "__v": 0
},
{
  "_id": {
    "$oid": "64ec6052c8077dd439ea42ca"
  },
  "email": "oshimakiyoko2002@gmail.com",
  "code": 197781,
  "expiration": {
    "$date": "2023-08-28T08:54:34.679Z"
  },
  "createdAt": {
    "$date": "2023-08-28T08:52:34.680Z"
  },
  "updatedAt": {
    "$date": "2023-08-28T08:52:34.680Z"
  },
  "__v": 0
},
{
  "_id": {
    "$oid": "64ec6053c8077dd439ea42cc"
  },
  "email": "oshimakiyoko2002@gmail.com",
  "code": 881781,
  "expiration": {
    "$date": "2023-08-28T08:54:35.751Z"
  },
  "createdAt": {
    "$date": "2023-08-28T08:52:35.753Z"
  },
  "updatedAt": {
    "$date": "2023-08-28T08:52:35.753Z"
  },
  "__v": 0
},
{
  "_id": {
    "$oid": "64ec60c1c8077dd439ea42ce"
  },
  "email": "oshimakiyoko2002@gmail.com",
  "code": 846535,
  "expiration": {
    "$date": "2023-08-28T08:56:25.742Z"
  },
  "createdAt": {
    "$date": "2023-08-28T08:54:25.742Z"
  },
  "updatedAt": {
    "$date": "2023-08-28T08:54:25.742Z"
  },
  "__v": 0
},
{
  "_id": {
    "$oid": "64ec630ac8077dd439ea42d0"
  },
  "email": "oshimakiyoko2002@gmail.com",
  "code": 199897,
  "expiration": {
    "$date": "2023-08-28T09:06:10.571Z"
  },
  "createdAt": {
    "$date": "2023-08-28T09:04:10.572Z"
  },
  "updatedAt": {
    "$date": "2023-08-28T09:04:10.572Z"
  },
  "__v": 0
},
{
  "_id": {
    "$oid": "64ec630fc8077dd439ea42d2"
  },
  "email": "oshimakiyoko2002@gmail.com",
  "code": 139035,
  "expiration": {
    "$date": "2023-08-28T09:06:15.181Z"
  },
  "createdAt": {
    "$date": "2023-08-28T09:04:15.182Z"
  },
  "updatedAt": {
    "$date": "2023-08-28T09:04:15.182Z"
  },
  "__v": 0
},
{
  "_id": {
    "$oid": "64ec6588c8077dd439ea42d4"
  },
  "email": "oshimakiyoko2002@gmail.com",
  "code": 517039,
  "expiration": {
    "$date": "2023-08-28T09:16:48.479Z"
  },
  "createdAt": {
    "$date": "2023-08-28T09:14:48.480Z"
  },
  "updatedAt": {
    "$date": "2023-08-28T09:14:48.480Z"
  },
  "__v": 0
},
{
  "_id": {
    "$oid": "64ec6590c8077dd439ea42d6"
  },
  "email": "oshimakiyoko2002@gmail.com",
  "code": 601237,
  "expiration": {
    "$date": "2023-08-28T09:16:56.608Z"
  },
  "createdAt": {
    "$date": "2023-08-28T09:14:56.609Z"
  },
  "updatedAt": {
    "$date": "2023-08-28T09:14:56.609Z"
  },
  "__v": 0
},
{
  "_id": {
    "$oid": "64ec65fec8077dd439ea42d8"
  },
  "email": "oshimakiyoko2002@gmail.com",
  "code": 501993,
  "expiration": {
    "$date": "2023-08-28T09:18:46.972Z"
  },
  "createdAt": {
    "$date": "2023-08-28T09:16:46.973Z"
  },
  "updatedAt": {
    "$date": "2023-08-28T09:16:46.973Z"
  },
  "__v": 0
},
{
  "_id": {
    "$oid": "64ec6682c8077dd439ea42da"
  },
  "email": "oshimakiyoko2002@gmail.com",
  "code": 147043,
  "expiration": {
    "$date": "2023-08-28T09:20:58.987Z"
  },
  "createdAt": {
    "$date": "2023-08-28T09:18:58.988Z"
  },
  "updatedAt": {
    "$date": "2023-08-28T09:18:58.988Z"
  },
  "__v": 0
},
{
  "_id": {
    "$oid": "64ec66ebc8077dd439ea42dc"
  },
  "email": "oshimakiyoko2002@gmail.com",
  "code": 443102,
  "expiration": {
    "$date": "2023-08-28T09:22:43.388Z"
  },
  "createdAt": {
    "$date": "2023-08-28T09:20:43.389Z"
  },
  "updatedAt": {
    "$date": "2023-08-28T09:20:43.389Z"
  },
  "__v": 0
},
{
  "_id": {
    "$oid": "64ec66fbc8077dd439ea42de"
  },
  "email": "oshimakiyoko2002@gmail.com",
  "code": 465232,
  "expiration": {
    "$date": "2023-08-28T09:22:59.093Z"
  },
  "createdAt": {
    "$date": "2023-08-28T09:20:59.096Z"
  },
  "updatedAt": {
    "$date": "2023-08-28T09:20:59.096Z"
  },
  "__v": 0
},
{
  "_id": {
    "$oid": "64ec67a4c8077dd439ea42e0"
  },
  "email": "oshimakiyoko2002@gmail.com",
  "code": 795731,
  "expiration": {
    "$date": "2023-08-28T09:25:48.248Z"
  },
  "createdAt": {
    "$date": "2023-08-28T09:23:48.250Z"
  },
  "updatedAt": {
    "$date": "2023-08-28T09:23:48.250Z"
  },
  "__v": 0
},
{
  "_id": {
    "$oid": "64ec6867c8077dd439ea42e2"
  },
  "email": "oshimakiyoko2002@gmail.com",
  "code": 986975,
  "expiration": {
    "$date": "2023-08-28T09:29:03.667Z"
  },
  "createdAt": {
    "$date": "2023-08-28T09:27:03.669Z"
  },
  "updatedAt": {
    "$date": "2023-08-28T09:27:03.669Z"
  },
  "__v": 0
},
{
  "_id": {
    "$oid": "64ec6a6cc8077dd439ea42e4"
  },
  "email": "oshimakiyoko2002@gmail.com",
  "code": 237876,
  "expiration": {
    "$date": "2023-08-28T09:37:40.458Z"
  },
  "createdAt": {
    "$date": "2023-08-28T09:35:40.460Z"
  },
  "updatedAt": {
    "$date": "2023-08-28T09:35:40.460Z"
  },
  "__v": 0
},
{
  "_id": {
    "$oid": "64ec6b9ac8077dd439ea42e6"
  },
  "email": "oshimakiyoko2002@gmail.com",
  "code": 516865,
  "expiration": {
    "$date": "2023-08-28T09:42:42.411Z"
  },
  "createdAt": {
    "$date": "2023-08-28T09:40:42.412Z"
  },
  "updatedAt": {
    "$date": "2023-08-28T09:40:42.412Z"
  },
  "__v": 0
},
{
  "_id": {
    "$oid": "64ec6c7fc8077dd439ea42e8"
  },
  "email": "oshimakiyoko2002@gmail.com",
  "code": 631812,
  "expiration": {
    "$date": "2023-08-28T09:46:31.295Z"
  },
  "createdAt": {
    "$date": "2023-08-28T09:44:31.296Z"
  },
  "updatedAt": {
    "$date": "2023-08-28T09:44:31.296Z"
  },
  "__v": 0
},
{
  "_id": {
    "$oid": "64ec6cadc8077dd439ea42ea"
  },
  "email": "oshimakiyoko2002@gmail.com",
  "code": 472697,
  "expiration": {
    "$date": "2023-08-28T09:47:17.140Z"
  },
  "createdAt": {
    "$date": "2023-08-28T09:45:17.141Z"
  },
  "updatedAt": {
    "$date": "2023-08-28T09:45:17.141Z"
  },
  "__v": 0
},
{
  "_id": {
    "$oid": "64ec6cddc8077dd439ea42ec"
  },
  "email": "oshimakiyoko2002@gmail.com",
  "code": 816170,
  "expiration": {
    "$date": "2023-08-28T09:48:05.645Z"
  },
  "createdAt": {
    "$date": "2023-08-28T09:46:05.646Z"
  },
  "updatedAt": {
    "$date": "2023-08-28T09:46:05.646Z"
  },
  "__v": 0
},
{
  "_id": {
    "$oid": "64ec6cedc8077dd439ea42ee"
  },
  "email": "oshimakiyoko2002@gmail.com",
  "code": 153809,
  "expiration": {
    "$date": "2023-08-28T09:48:21.726Z"
  },
  "createdAt": {
    "$date": "2023-08-28T09:46:21.727Z"
  },
  "updatedAt": {
    "$date": "2023-08-28T09:46:21.727Z"
  },
  "__v": 0
},
{
  "_id": {
    "$oid": "64ec6fcec8077dd439ea42f0"
  },
  "email": "oshimakiyoko2002@gmail.com",
  "code": 618417,
  "expiration": {
    "$date": "2023-08-28T10:00:38.924Z"
  },
  "createdAt": {
    "$date": "2023-08-28T09:58:38.926Z"
  },
  "updatedAt": {
    "$date": "2023-08-28T09:58:38.926Z"
  },
  "__v": 0
},
{
  "_id": {
    "$oid": "64ec798f43acae3e617c72b1"
  },
  "email": "oshimakiyoko2002@gmail.com",
  "code": 543379,
  "expiration": {
    "$date": "2023-08-28T10:42:15.532Z"
  },
  "createdAt": {
    "$date": "2023-08-28T10:40:15.558Z"
  },
  "updatedAt": {
    "$date": "2023-08-28T10:40:15.558Z"
  },
  "__v": 0
},
{
  "_id": {
    "$oid": "64ec79b343acae3e617c72b3"
  },
  "email": "oshimakiyoko2002@gmail.com",
  "code": 693523,
  "expiration": {
    "$date": "2023-08-28T10:42:51.009Z"
  },
  "createdAt": {
    "$date": "2023-08-28T10:40:51.013Z"
  },
  "updatedAt": {
    "$date": "2023-08-28T10:40:51.013Z"
  },
  "__v": 0
},
{
  "_id": {
    "$oid": "64ec7b9243acae3e617c72b5"
  },
  "email": "oshimakiyoko2002@gmail.com",
  "code": 811542,
  "expiration": {
    "$date": "2023-08-28T10:50:50.678Z"
  },
  "createdAt": {
    "$date": "2023-08-28T10:48:50.680Z"
  },
  "updatedAt": {
    "$date": "2023-08-28T10:48:50.680Z"
  },
  "__v": 0
},
{
  "_id": {
    "$oid": "64ec7bad43acae3e617c72b7"
  },
  "email": "oshimakiyoko2002@gmail.com",
  "code": 146147,
  "expiration": {
    "$date": "2023-08-28T10:51:17.878Z"
  },
  "createdAt": {
    "$date": "2023-08-28T10:49:17.881Z"
  },
  "updatedAt": {
    "$date": "2023-08-28T10:49:17.881Z"
  },
  "__v": 0
},
{
  "_id": {
    "$oid": "64ec7cc643acae3e617c72b9"
  },
  "email": "oshimakiyoko2002@gmail.com",
  "code": 232237,
  "expiration": {
    "$date": "2023-08-28T10:55:58.958Z"
  },
  "createdAt": {
    "$date": "2023-08-28T10:53:58.960Z"
  },
  "updatedAt": {
    "$date": "2023-08-28T10:53:58.960Z"
  },
  "__v": 0
},
{
  "_id": {
    "$oid": "64ec7d4243acae3e617c72bb"
  },
  "email": "oshimakiyoko2002@gmail.com",
  "code": 738724,
  "expiration": {
    "$date": "2023-08-28T10:58:02.272Z"
  },
  "createdAt": {
    "$date": "2023-08-28T10:56:02.276Z"
  },
  "updatedAt": {
    "$date": "2023-08-28T10:56:02.276Z"
  },
  "__v": 0
},
{
  "_id": {
    "$oid": "64ec7df643acae3e617c72bd"
  },
  "email": "oshimakiyoko2002@gmail.com",
  "code": 649904,
  "expiration": {
    "$date": "2023-08-28T11:01:02.185Z"
  },
  "createdAt": {
    "$date": "2023-08-28T10:59:02.186Z"
  },
  "updatedAt": {
    "$date": "2023-08-28T10:59:02.186Z"
  },
  "__v": 0
},
{
  "_id": {
    "$oid": "64ec7e9c43acae3e617c72c0"
  },
  "email": "oshimakiyoko2002@gmail.com",
  "code": 423627,
  "expiration": {
    "$date": "2023-08-28T11:03:48.002Z"
  },
  "createdAt": {
    "$date": "2023-08-28T11:01:48.004Z"
  },
  "updatedAt": {
    "$date": "2023-08-28T11:01:48.004Z"
  },
  "__v": 0
},
{
  "_id": {
    "$oid": "64ec7f0743acae3e617c72c3"
  },
  "email": "oshimakiyoko2002@gmail.com",
  "code": 414162,
  "expiration": {
    "$date": "2023-08-28T11:05:35.399Z"
  },
  "createdAt": {
    "$date": "2023-08-28T11:03:35.401Z"
  },
  "updatedAt": {
    "$date": "2023-08-28T11:03:35.401Z"
  },
  "__v": 0
},
{
  "_id": {
    "$oid": "64ec7f7343acae3e617c72c6"
  },
  "email": "oshimakiyoko2002@gmail.com",
  "code": 726566,
  "expiration": {
    "$date": "2023-08-28T11:07:23.456Z"
  },
  "createdAt": {
    "$date": "2023-08-28T11:05:23.457Z"
  },
  "updatedAt": {
    "$date": "2023-08-28T11:05:23.457Z"
  },
  "__v": 0
},
{
  "_id": {
    "$oid": "64ec8066716868bcf5d48d6d"
  },
  "email": "oshimakiyoko2002@gmail.com",
  "code": 857529,
  "expiration": {
    "$date": "2023-08-28T11:11:26.823Z"
  },
  "createdAt": {
    "$date": "2023-08-28T11:09:26.858Z"
  },
  "updatedAt": {
    "$date": "2023-08-28T11:09:26.858Z"
  },
  "__v": 0
},
{
  "_id": {
    "$oid": "64ec8159cb84a8411b4deb23"
  },
  "email": "oshimakiyoko2002@gmail.com",
  "code": 684606,
  "expiration": {
    "$date": "2023-08-28T11:15:29.182Z"
  },
  "createdAt": {
    "$date": "2023-08-28T11:13:29.203Z"
  },
  "updatedAt": {
    "$date": "2023-08-28T11:13:29.203Z"
  },
  "__v": 0
},
{
  "_id": {
    "$oid": "64ec8269bac46f4f14bddf7e"
  },
  "email": "oshimakiyoko2002@gmail.com",
  "code": 859061,
  "expiration": {
    "$date": "2023-08-28T11:20:01.299Z"
  },
  "createdAt": {
    "$date": "2023-08-28T11:18:01.318Z"
  },
  "updatedAt": {
    "$date": "2023-08-28T11:18:01.318Z"
  },
  "__v": 0
},
{
  "_id": {
    "$oid": "64ec84164a8de73bd1c84c15"
  },
  "email": "oshimakiyoko2002@gmail.com",
  "code": 650438,
  "expiration": {
    "$date": "2023-08-28T11:27:10.587Z"
  },
  "createdAt": {
    "$date": "2023-08-28T11:25:10.614Z"
  },
  "updatedAt": {
    "$date": "2023-08-28T11:25:10.614Z"
  },
  "__v": 0
},
{
  "_id": {
    "$oid": "64ec86ce3812d5a79fb34232"
  },
  "email": "oshimakiyoko2002@gmail.com",
  "code": 402324,
  "expiration": {
    "$date": "2023-08-28T11:38:46.092Z"
  },
  "createdAt": {
    "$date": "2023-08-28T11:36:46.118Z"
  },
  "updatedAt": {
    "$date": "2023-08-28T11:36:46.118Z"
  },
  "__v": 0
},
{
  "_id": {
    "$oid": "64ec90804380d03f8d978cd5"
  },
  "email": "oshimakiyoko2002@gmail.com",
  "code": 787818,
  "expiration": {
    "$date": "2023-08-28T12:20:08.487Z"
  },
  "createdAt": {
    "$date": "2023-08-28T12:18:08.538Z"
  },
  "updatedAt": {
    "$date": "2023-08-28T12:18:08.538Z"
  },
  "__v": 0
},
{
  "_id": {
    "$oid": "64ec942c58f2c6ef220b56e4"
  },
  "email": "vtcong21@vp.fitus.edu.vn",
  "code": 175723,
  "expiration": {
    "$date": "2023-08-28T12:35:48.273Z"
  },
  "createdAt": {
    "$date": "2023-08-28T12:33:48.301Z"
  },
  "updatedAt": {
    "$date": "2023-08-28T12:33:48.301Z"
  },
  "__v": 0
},
{
  "_id": {
    "$oid": "64ec97234de7bff2bffa3495"
  },
  "email": "vtcong21@vp.fitus.edu.vn",
  "code": 195505,
  "expiration": {
    "$date": "2023-08-28T12:48:27.795Z"
  },
  "createdAt": {
    "$date": "2023-08-28T12:46:27.806Z"
  },
  "updatedAt": {
    "$date": "2023-08-28T12:46:27.806Z"
  },
  "__v": 0
},
{
  "_id": {
    "$oid": "64ec9ab4b28cab1edeb5b6fa"
  },
  "email": "vtcong21@vp.fitus.edu.vn",
  "code": 683597,
  "expiration": {
    "$date": "2023-08-28T13:03:40.154Z"
  },
  "createdAt": {
    "$date": "2023-08-28T13:01:40.207Z"
  },
  "updatedAt": {
    "$date": "2023-08-28T13:01:40.207Z"
  },
  "__v": 0
},
{
  "_id": {
    "$oid": "64ec9d31eb5c4bf73e5eb197"
  },
  "email": "vtcong21@vp.fitus.edu.vn",
  "code": 477411,
  "expiration": {
    "$date": "2023-08-28T13:14:17.516Z"
  },
  "createdAt": {
    "$date": "2023-08-28T13:12:17.544Z"
  },
  "updatedAt": {
    "$date": "2023-08-28T13:12:17.544Z"
  },
  "__v": 0
},
{
  "_id": {
    "$oid": "64eca49f8a2747d8d04e7d5c"
  },
  "email": "oshimakiyoko2002@gmail.com",
  "code": 651806,
  "expiration": {
    "$date": "2023-08-28T13:45:59.257Z"
  },
  "createdAt": {
    "$date": "2023-08-28T13:43:59.284Z"
  },
  "updatedAt": {
    "$date": "2023-08-28T13:43:59.284Z"
  },
  "__v": 0
},
{
  "_id": {
    "$oid": "64ecb383ff9113e9c013490b"
  },
  "email": "lisettevu2002@gmail.com",
  "code": 505379,
  "expiration": {
    "$date": "2023-08-28T14:49:31.805Z"
  },
  "createdAt": {
    "$date": "2023-08-28T14:47:31.822Z"
  },
  "updatedAt": {
    "$date": "2023-08-28T14:47:31.822Z"
  },
  "__v": 0
},
{
  "_id": {
    "$oid": "64ecd3f8bb45bb220c5ad872"
  },
  "email": "oshimakiyoko2002@gmail.com",
  "code": 350823,
  "expiration": {
    "$date": "2023-08-28T17:08:00.734Z"
  },
  "createdAt": {
    "$date": "2023-08-28T17:06:00.769Z"
  },
  "updatedAt": {
    "$date": "2023-08-28T17:06:00.769Z"
  },
  "__v": 0
},
{
  "_id": {
    "$oid": "64ecdcbabb45bb220c5ad8ac"
  },
  "email": "oshimakiyoko2002@gmail.com",
  "code": 396116,
  "expiration": {
    "$date": "2023-08-28T17:45:22.990Z"
  },
  "createdAt": {
    "$date": "2023-08-28T17:43:22.994Z"
  },
  "updatedAt": {
    "$date": "2023-08-28T17:43:22.994Z"
  },
  "__v": 0
},
{
  "_id": {
    "$oid": "64ecdd0ebb45bb220c5ad8ae"
  },
  "email": "oshimakiyoko2002@gmail.com",
  "code": 826318,
  "expiration": {
    "$date": "2023-08-28T17:46:46.976Z"
  },
  "createdAt": {
    "$date": "2023-08-28T17:44:46.978Z"
  },
  "updatedAt": {
    "$date": "2023-08-28T17:44:46.978Z"
  },
  "__v": 0
},
{
  "_id": {
    "$oid": "64ecdd6fbb45bb220c5ad8b0"
  },
  "email": "oshimakiyoko2002@gmail.com",
  "code": 999301,
  "expiration": {
    "$date": "2023-08-28T17:48:23.300Z"
  },
  "createdAt": {
    "$date": "2023-08-28T17:46:23.302Z"
  },
  "updatedAt": {
    "$date": "2023-08-28T17:46:23.302Z"
  },
  "__v": 0
},
{
  "_id": {
    "$oid": "64ecde91bb45bb220c5ad8eb"
  },
  "email": "oshimakiyoko2002@gmail.com",
  "code": 448678,
  "expiration": {
    "$date": "2023-08-28T17:53:13.816Z"
  },
  "createdAt": {
    "$date": "2023-08-28T17:51:13.818Z"
  },
  "updatedAt": {
    "$date": "2023-08-28T17:51:13.818Z"
  },
  "__v": 0
},
{
  "_id": {
    "$oid": "64ecdef1bb45bb220c5ad928"
  },
  "email": "oshimakiyoko2002@gmail.com",
  "code": 438943,
  "expiration": {
    "$date": "2023-08-28T17:54:49.791Z"
  },
  "createdAt": {
    "$date": "2023-08-28T17:52:49.795Z"
  },
  "updatedAt": {
    "$date": "2023-08-28T17:52:49.795Z"
  },
  "__v": 0
},
{
  "_id": {
    "$oid": "64eceb15bb45bb220c5ad92a"
  },
  "email": "oshimakiyoko2002@gmail.com",
  "code": 666460,
  "expiration": {
    "$date": "2023-08-28T18:46:37.377Z"
  },
  "createdAt": {
    "$date": "2023-08-28T18:44:37.380Z"
  },
  "updatedAt": {
    "$date": "2023-08-28T18:44:37.380Z"
  },
  "__v": 0
},
{
  "_id": {
    "$oid": "64ed453913ef0aae9b628db5"
  },
  "email": "vtcong21@vp.fitus.edu.vn",
  "code": 409741,
  "expiration": {
    "$date": "2023-08-29T01:11:13.941Z"
  },
  "createdAt": {
    "$date": "2023-08-29T01:09:13.962Z"
  },
  "updatedAt": {
    "$date": "2023-08-29T01:09:13.962Z"
  },
  "__v": 0
}]